run_id,update,env_steps,loss,policy_loss,value_loss,approx_kl,entropy,gradient_norm,epochs_completed,kl_early_stop,reward,reward_status
local,1,1024,1.660375714302063,-7.636845111846924e-08,1.368109107017517,0.08338357508182526,-29.226669311523438,93.35771942138672,1,1.0,,not_recorded_in_source_summary
local,2,2048,1.7532641887664795,1.0058283805847168e-07,1.4610000848770142,0.025451619178056717,-29.226402282714844,210.25669860839844,1,1.0,,not_recorded_in_source_summary
local,3,3072,1.7322732210159302,2.60770320892334e-08,1.4400113821029663,0.054873354732990265,-29.226181030273438,98.5040054321289,1,1.0,,not_recorded_in_source_summary
local,4,4096,1.5799214839935303,-0.015399234369397163,1.3030688762664795,0.022633686661720276,-29.225187301635742,45.8088493347168,3,1.0,,not_recorded_in_source_summary
local,5,5120,1.6625226736068726,-0.016771314665675163,1.3870625495910645,0.015713490545749664,-29.223140716552734,60.21906280517578,5,0.0,,not_recorded_in_source_summary
local,6,6144,1.7146515846252441,-0.011296529322862625,1.4337375164031982,0.007123621180653572,-29.22105598449707,118.00102996826172,5,0.0,,not_recorded_in_source_summary
local,7,7168,1.7316454648971558,-0.014473548159003258,1.4539227485656738,0.011095788329839706,-29.21962547302246,165.80209350585938,5,0.0,,not_recorded_in_source_summary
local,8,8192,1.4716947078704834,-0.021996065974235535,1.2015018463134766,0.014778192155063152,-29.218881607055664,75.0760269165039,5,0.0,,not_recorded_in_source_summary
local,9,9216,1.7000035047531128,-0.009502483531832695,1.417323350906372,0.018051639199256897,-29.21826934814453,104.90326690673828,5,0.0,,not_recorded_in_source_summary
local,10,10240,1.7172166109085083,-0.010261809453368187,1.4352999925613403,0.005024315789341927,-29.217838287353516,83.99009704589844,5,0.0,,not_recorded_in_source_summary
local,11,11264,1.7249155044555664,-0.009866079315543175,1.442604422569275,0.020155902951955795,-29.21772575378418,187.44454956054688,3,1.0,,not_recorded_in_source_summary
local,12,12288,1.3927286863327026,-0.019865527749061584,1.1204209327697754,0.012326856143772602,-29.217330932617188,67.73421478271484,5,0.0,,not_recorded_in_source_summary
local,13,13312,1.710249423980713,-0.01145077683031559,1.4295318126678467,0.009722864255309105,-29.216838836669922,83.19638061523438,5,0.0,,not_recorded_in_source_summary
local,14,14336,1.7053601741790771,-0.019401995465159416,1.4325993061065674,0.00699906051158905,-29.216293334960938,57.84574508666992,5,0.0,,not_recorded_in_source_summary
local,15,15360,1.696946382522583,-0.008995765820145607,1.4137799739837646,0.016050072386860847,-29.21622085571289,280.6409606933594,5,0.0,,not_recorded_in_source_summary
local,16,16384,1.376734733581543,-0.02081964537501335,1.1053965091705322,0.007699650712311268,-29.21579360961914,40.81951141357422,5,0.0,,not_recorded_in_source_summary
local,17,17408,1.7038264274597168,-0.00831947848200798,1.4199912548065186,0.009953783825039864,-29.21546173095703,138.89144897460938,5,0.0,,not_recorded_in_source_summary
local,18,18432,1.717341661453247,-0.009374149143695831,1.4345653057098389,0.01688217744231224,-29.215055465698242,98.60208892822266,5,0.0,,not_recorded_in_source_summary
local,19,19456,1.7021679878234863,-0.017408126965165138,1.4274365901947021,0.011396126821637154,-29.213947296142578,55.31216812133789,5,0.0,,not_recorded_in_source_summary
local,20,20480,1.3653923273086548,-0.012853649444878101,1.0861194133758545,0.025049705058336258,-29.2126522064209,89.9554214477539,4,1.0,,not_recorded_in_source_summary
local,21,21504,1.7229890823364258,-0.00871947593986988,1.4395976066589355,0.0188680961728096,-29.21108627319336,139.6541290283203,5,0.0,,not_recorded_in_source_summary
local,22,22528,1.7120438814163208,-0.010424543172121048,1.4303689002990723,0.014508227817714214,-29.209945678710938,194.52304077148438,5,0.0,,not_recorded_in_source_summary
local,23,23552,1.720990777015686,0.001644900068640709,1.4272503852844238,0.028574898838996887,-29.209552764892578,228.31004333496094,2,1.0,,not_recorded_in_source_summary
local,24,24576,1.3417304754257202,-0.00963606871664524,1.0592771768569946,0.02429497055709362,-29.208932876586914,129.26065063476562,3,1.0,,not_recorded_in_source_summary
local,25,25600,1.7003178596496582,-0.015114491805434227,1.4233520030975342,0.0163259394466877,-29.20804214477539,166.7072296142578,5,0.0,,not_recorded_in_source_summary
local,26,26624,1.6908093690872192,-0.01414252258837223,1.4128801822662354,0.013423187658190727,-29.20716667175293,122.5232162475586,5,0.0,,not_recorded_in_source_summary
local,27,27648,1.7169512510299683,-0.003079719841480255,1.427964687347412,0.020482055842876434,-29.206634521484375,264.0097351074219,3,1.0,,not_recorded_in_source_summary
local,28,28672,1.3364657163619995,-0.018675878643989563,1.063079833984375,0.016144217923283577,-29.206180572509766,88.615234375,5,0.0,,not_recorded_in_source_summary
local,29,29696,1.6835492849349976,-0.010663293302059174,1.402153730392456,0.010706935077905655,-29.20587921142578,88.1762924194336,5,0.0,,not_recorded_in_source_summary
local,30,30720,1.698203444480896,-0.012183865532279015,1.4183299541473389,0.01721261441707611,-29.20574378967285,131.1486053466797,5,0.0,,not_recorded_in_source_summary
local,31,31744,1.694101333618164,-0.005816798657178879,1.407860517501831,0.020760629326105118,-29.20577049255371,191.29054260253906,3,1.0,,not_recorded_in_source_summary
local,32,32768,1.3645923137664795,-0.01803646609187126,1.0905743837356567,0.01754123345017433,-29.20543670654297,105.5102767944336,5,0.0,,not_recorded_in_source_summary
local,33,33792,1.7199760675430298,-0.0015822537243366241,1.4295114278793335,0.021281789988279343,-29.204694747924805,227.46372985839844,4,1.0,,not_recorded_in_source_summary
local,34,34816,1.699486255645752,-0.01345294713973999,1.4209017753601074,0.01228124275803566,-29.203744888305664,57.20057678222656,5,0.0,,not_recorded_in_source_summary
local,35,35840,1.6922416687011719,-0.01555616781115532,1.4157696962356567,0.008072073571383953,-29.202823638916016,70.70882415771484,5,0.0,,not_recorded_in_source_summary
local,36,36864,1.400784969329834,-0.015297613106667995,1.12406587600708,0.01215673703700304,-29.20167350769043,119.15918731689453,5,0.0,,not_recorded_in_source_summary
local,37,37888,1.683030605316162,-0.007671789266169071,1.3986952304840088,0.01815292239189148,-29.200716018676758,124.83403778076172,5,0.0,,not_recorded_in_source_summary
local,38,38912,1.6920815706253052,-0.009543968364596367,1.4096258878707886,0.012480649165809155,-29.19997215270996,103.62507629394531,5,0.0,,not_recorded_in_source_summary
local,39,39936,1.709848403930664,-0.01484808512032032,1.432705044746399,0.011618501506745815,-29.199146270751953,113.30054473876953,5,0.0,,not_recorded_in_source_summary
local,40,40960,1.506044864654541,-0.004506099969148636,1.218565583229065,0.022236403077840805,-29.198537826538086,157.2362518310547,3,1.0,,not_recorded_in_source_summary
local,41,41984,1.6825809478759766,-0.01661786437034607,1.4072256088256836,0.008963413536548615,-29.19731903076172,67.96505737304688,5,0.0,,not_recorded_in_source_summary
local,42,43008,1.6827319860458374,-0.01685442589223385,1.4076268672943115,0.01705135777592659,-29.195953369140625,117.60762023925781,5,0.0,,not_recorded_in_source_summary
local,43,44032,1.657713770866394,0.0014685224741697311,1.364290475845337,0.031274452805519104,-29.195476531982422,226.83355712890625,2,1.0,,not_recorded_in_source_summary
local,44,45056,1.6372177600860596,-0.01028004102408886,1.35555100440979,0.01537697296589613,-29.19467544555664,209.56985473632812,5,0.0,,not_recorded_in_source_summary
local,45,46080,1.6857750415802002,-0.014532549306750298,1.4083664417266846,0.008239137940108776,-29.194124221801758,49.93849182128906,5,0.0,,not_recorded_in_source_summary
local,46,47104,1.682379961013794,-0.013887844979763031,1.4043326377868652,0.005814380012452602,-29.19352149963379,68.72797393798828,5,0.0,,not_recorded_in_source_summary
local,47,48128,1.495849609375,-0.02116827666759491,1.225088119506836,0.012283790856599808,-29.19297218322754,105.5671615600586,5,0.0,,not_recorded_in_source_summary
local,48,49152,1.6477532386779785,-0.010224554687738419,1.366053819656372,0.01614544168114662,-29.192399978637695,240.38592529296875,5,0.0,,not_recorded_in_source_summary
local,49,50176,1.6999372243881226,-0.0049153883010149,1.4129340648651123,0.020300496369600296,-29.191852569580078,241.3790283203125,3,1.0,,not_recorded_in_source_summary
local,50,51200,1.6661169528961182,-0.02296760305762291,1.39717698097229,0.015408306382596493,-29.19076156616211,56.66132354736328,5,0.0,,not_recorded_in_source_summary
local,51,52224,1.4114503860473633,-0.015896683558821678,1.1354519128799438,0.01355977263301611,-29.189510345458984,103.71598052978516,5,0.0,,not_recorded_in_source_summary
local,52,53248,1.6436158418655396,-0.010754650458693504,1.3624835014343262,0.010903406888246536,-29.18870735168457,140.4842071533203,5,0.0,,not_recorded_in_source_summary
local,53,54272,1.6956062316894531,-0.012793364003300667,1.4165151119232178,0.022675659507513046,-29.188459396362305,70.55078887939453,3,1.0,,not_recorded_in_source_summary
local,54,55296,1.6737984418869019,-0.007135726511478424,1.3890554904937744,0.019457045942544937,-29.1878662109375,216.3667449951172,5,0.0,,not_recorded_in_source_summary
local,55,56320,1.312083125114441,-0.025638028979301453,1.0458509922027588,0.0076551130041480064,-29.187009811401367,56.54118347167969,5,0.0,,not_recorded_in_source_summary
local,56,57344,1.6610920429229736,-0.009225098416209221,1.3784551620483398,0.007712420076131821,-29.186195373535156,97.99333953857422,5,0.0,,not_recorded_in_source_summary
local,57,58368,1.665526032447815,-0.014762858860194683,1.3884342908859253,0.013394413515925407,-29.18545913696289,101.90471649169922,5,0.0,,not_recorded_in_source_summary
local,58,59392,1.659223198890686,-0.013213487342000008,1.380589485168457,0.01583491638302803,-29.18472671508789,221.70655822753906,5,0.0,,not_recorded_in_source_summary
local,59,60416,1.315811038017273,-0.019506849348545074,1.0434796810150146,0.012767547741532326,-29.183813095092773,87.24060821533203,5,0.0,,not_recorded_in_source_summary
local,60,61440,1.659109115600586,-0.01607249677181244,1.3833564519882202,0.012643029913306236,-29.182519912719727,75.11790466308594,5,0.0,,not_recorded_in_source_summary
local,61,62464,1.6533373594284058,-0.016440290957689285,1.3779667615890503,0.010328121483325958,-29.18108367919922,87.33969116210938,5,0.0,,not_recorded_in_source_summary
local,62,63488,1.6811262369155884,-0.007484257221221924,1.396820068359375,0.015517374500632286,-29.17903709411621,102.45147705078125,5,0.0,,not_recorded_in_source_summary
local,63,64512,1.3245536088943481,-0.012719916179776192,1.045502781867981,0.013137917034327984,-29.177072525024414,114.29561614990234,5,0.0,,not_recorded_in_source_summary
local,64,65536,1.6678608655929565,-0.007271025329828262,1.383373737335205,0.015124192461371422,-29.175819396972656,191.49447631835938,5,0.0,,not_recorded_in_source_summary
local,65,66560,1.6651220321655273,-0.009148353710770607,1.3825178146362305,0.022892246022820473,-29.175251007080078,113.50627899169922,3,1.0,,not_recorded_in_source_summary
local,66,67584,1.6857218742370605,0.0008209124207496643,1.393151044845581,0.02285591885447502,-29.17499542236328,196.35638427734375,2,1.0,,not_recorded_in_source_summary
local,67,68608,1.3256374597549438,-0.0115658612921834,1.0454585552215576,0.01369056198745966,-29.174467086791992,182.8749542236328,5,0.0,,not_recorded_in_source_summary
local,68,69632,1.6607728004455566,-0.009989457204937935,1.3790233135223389,0.003539314027875662,-29.173904418945312,49.9045295715332,5,0.0,,not_recorded_in_source_summary
local,69,70656,1.658064842224121,-0.010610505938529968,1.3769452571868896,0.010350372642278671,-29.173002243041992,66.41633605957031,5,0.0,,not_recorded_in_source_summary
local,70,71680,1.6677594184875488,-0.01548265852034092,1.3915214538574219,0.012310215272009373,-29.172056198120117,122.4933853149414,5,0.0,,not_recorded_in_source_summary
local,71,72704,1.3237144947052002,-0.022038515657186508,1.0540512800216675,0.011630574241280556,-29.17017364501953,48.009586334228516,5,0.0,,not_recorded_in_source_summary
local,72,73728,1.660975694656372,-0.011746514588594437,1.3810474872589111,0.006155503913760185,-29.16747283935547,109.18891906738281,5,0.0,,not_recorded_in_source_summary
local,73,74752,1.6545490026474,-0.006541909649968147,1.369435429573059,0.02068404108285904,-29.16555404663086,221.1752166748047,4,1.0,,not_recorded_in_source_summary
local,74,75776,1.6977094411849976,0.00038675591349601746,1.4056787490844727,0.024548346176743507,-29.164398193359375,296.2974548339844,3,1.0,,not_recorded_in_source_summary
local,75,76800,1.3103258609771729,-0.018012233078479767,1.0367114543914795,0.010187305510044098,-29.162668228149414,81.02030181884766,5,0.0,,not_recorded_in_source_summary
local,76,77824,1.6479676961898804,-0.010703574866056442,1.3670570850372314,0.021997123956680298,-29.161418914794922,216.07701110839844,4,1.0,,not_recorded_in_source_summary
local,77,78848,1.6601266860961914,-0.013620667159557343,1.3821465969085693,0.017550596967339516,-29.160076141357422,104.81148529052734,5,0.0,,not_recorded_in_source_summary
local,78,79872,1.6382824182510376,-0.007600924000144005,1.3542879819869995,0.022913722321391106,-29.15953826904297,75.64212036132812,2,1.0,,not_recorded_in_source_summary
local,79,80896,1.4183175563812256,-0.01613331399857998,1.142864465713501,0.014981677755713463,-29.158641815185547,111.55902099609375,5,0.0,,not_recorded_in_source_summary
local,80,81920,1.6480259895324707,-0.014453450217843056,1.3709008693695068,0.015820086002349854,-29.157848358154297,91.35819244384766,5,0.0,,not_recorded_in_source_summary
local,81,82944,1.6418126821517944,-0.014774341136217117,1.3650165796279907,0.017959626391530037,-29.157039642333984,99.70439910888672,5,0.0,,not_recorded_in_source_summary
local,82,83968,1.6299324035644531,-0.009494300931692123,1.3478641510009766,0.016498636454343796,-29.156261444091797,140.09498596191406,5,0.0,,not_recorded_in_source_summary
local,83,84992,1.4530842304229736,-0.021448273211717606,1.182973861694336,0.010787468403577805,-29.155858993530273,101.07656860351562,5,0.0,,not_recorded_in_source_summary
local,84,86016,1.6359748840332031,-0.014011476188898087,1.3584308624267578,0.02137952670454979,-29.155555725097656,79.4757308959961,4,1.0,,not_recorded_in_source_summary
local,85,87040,1.6422499418258667,-0.015566855669021606,1.3662711381912231,0.016559554263949394,-29.15456199645996,126.09748077392578,5,0.0,,not_recorded_in_source_summary
local,86,88064,1.5345815420150757,-0.0178166963160038,1.2608646154403687,0.011479144915938377,-29.153362274169922,88.71453857421875,5,0.0,,not_recorded_in_source_summary
local,87,89088,1.589003324508667,-0.016870904713869095,1.3143508434295654,0.012219233438372612,-29.15233039855957,132.8252410888672,5,0.0,,not_recorded_in_source_summary
local,88,90112,1.6449846029281616,-0.011952953413128853,1.3654214143753052,0.011847465299069881,-29.151615142822266,150.13995361328125,5,0.0,,not_recorded_in_source_summary
local,89,91136,1.6462395191192627,0.0024995040148496628,1.3522257804870605,0.031878843903541565,-29.15142822265625,258.56988525390625,2,1.0,,not_recorded_in_source_summary
local,90,92160,1.4509661197662354,-0.01760937087237835,1.1770672798156738,0.007969825528562069,-29.150821685791016,75.72990417480469,5,0.0,,not_recorded_in_source_summary
local,91,93184,1.6054588556289673,-0.010730566456913948,1.324688196182251,0.02213439717888832,-29.150127410888672,64.91508483886719,4,1.0,,not_recorded_in_source_summary
local,92,94208,1.6176953315734863,-0.011492427438497543,1.3376951217651367,0.0035753280390053988,-29.149261474609375,47.006103515625,5,0.0,,not_recorded_in_source_summary
local,93,95232,1.6549887657165527,-0.00914214737713337,1.3726470470428467,0.014917595311999321,-29.148387908935547,198.16802978515625,5,0.0,,not_recorded_in_source_summary
local,94,96256,1.3571749925613403,-0.014944476075470448,1.0806409120559692,0.019065622240304947,-29.147855758666992,79.88070678710938,5,0.0,,not_recorded_in_source_summary
local,95,97280,1.6113630533218384,-0.012566348537802696,1.3324525356292725,0.008002743124961853,-29.147682189941406,55.04362106323242,5,0.0,,not_recorded_in_source_summary
local,96,98304,1.6577038764953613,0.0035987570881843567,1.362628698348999,0.03162207454442978,-29.147640228271484,250.25730895996094,2,1.0,,not_recorded_in_source_summary
local,97,99328,1.621647834777832,-0.008489133790135384,1.338666319847107,0.014361409470438957,-29.147071838378906,86.51128387451172,5,0.0,,not_recorded_in_source_summary
local,98,100352,1.3129806518554688,-0.019111908972263336,1.0406317710876465,0.017351265996694565,-29.146081924438477,100.98095703125,5,0.0,,not_recorded_in_source_summary
local,99,101376,1.624017357826233,-0.008484955877065659,1.3410505056381226,0.009930474683642387,-29.145179748535156,33.233673095703125,5,0.0,,not_recorded_in_source_summary
local,100,102400,1.6185429096221924,-0.015916798263788223,1.343021035194397,0.014023307710886002,-29.143863677978516,64.83832550048828,5,0.0,,not_recorded_in_source_summary
mixed,1,1024,1.5846807956695557,-1.0244548320770264e-07,1.4297302961349487,0.2841910719871521,-15.495062828063965,33.76956558227539,1,1.0,,not_recorded_in_source_summary
mixed,2,2048,1.6179804801940918,9.313225746154785e-09,1.4630348682403564,0.02303079515695572,-15.494563102722168,36.89700698852539,1,1.0,,not_recorded_in_source_summary
mixed,3,3072,1.6454682350158691,9.12696123123169e-08,1.4905259609222412,0.08933141827583313,-15.494214057922363,28.05710792541504,1,1.0,,not_recorded_in_source_summary
mixed,4,4096,1.514849305152893,8.940696716308594e-08,1.3599112033843994,0.1122698113322258,-15.493793487548828,27.23968505859375,1,1.0,,not_recorded_in_source_summary
mixed,5,5120,1.5567482709884644,-0.016831960529088974,1.4186668395996094,0.028076672926545143,-15.491339683532715,29.006166458129883,4,1.0,,not_recorded_in_source_summary
mixed,6,6144,1.5805304050445557,-0.016070794314146042,1.4417210817337036,0.02040686085820198,-15.488019943237305,69.99494934082031,5,1.0,,not_recorded_in_source_summary
mixed,7,7168,1.6042461395263672,-0.018434805795550346,1.4678285121917725,0.01586681231856346,-15.485245704650879,63.81056213378906,5,0.0,,not_recorded_in_source_summary
mixed,8,8192,1.334133505821228,-0.020897531881928444,1.2001925706863403,0.020035723224282265,-15.483842849731445,39.683528900146484,4,1.0,,not_recorded_in_source_summary
mixed,9,9216,1.544013500213623,-0.016357440501451492,1.4055466651916504,0.01476011797785759,-15.482431411743164,55.395442962646484,5,0.0,,not_recorded_in_source_summary
mixed,10,10240,1.6272785663604736,-1.4528632164001465e-07,1.4724574089050293,0.020280998200178146,-15.482131958007812,41.950679779052734,1,1.0,,not_recorded_in_source_summary
mixed,11,11264,1.6511497497558594,-2.7567148208618164e-07,1.496330738067627,0.04118768498301506,-15.481922149658203,38.84748458862305,1,1.0,,not_recorded_in_source_summary
mixed,12,12288,1.3202940225601196,0.0035308990627527237,1.1619495153427124,0.020605452358722687,-15.481367111206055,68.74456024169922,2,1.0,,not_recorded_in_source_summary
mixed,13,13312,1.5461000204086304,-0.019395776093006134,1.4106929302215576,0.027012066915631294,-15.480291366577148,28.077232360839844,4,1.0,,not_recorded_in_source_summary
mixed,14,14336,1.5683848857879639,-0.0044869836419820786,1.4180736541748047,0.022654052823781967,-15.479822158813477,69.18829345703125,3,1.0,,not_recorded_in_source_summary
mixed,15,15360,1.5714141130447388,-0.011835609562695026,1.4284543991088867,0.017092978581786156,-15.479533195495605,65.45917510986328,5,0.0,,not_recorded_in_source_summary
mixed,16,16384,1.1989933252334595,-0.0297577865421772,1.0739622116088867,0.019654162228107452,-15.4788818359375,27.27069091796875,5,0.0,,not_recorded_in_source_summary
mixed,17,17408,1.5376533269882202,-0.015787534415721893,1.3986562490463257,0.018467385321855545,-15.478455543518066,46.26577377319336,5,0.0,,not_recorded_in_source_summary
mixed,18,18432,1.56172776222229,-0.01636059209704399,1.4233088493347168,0.02425657957792282,-15.477949142456055,67.68470001220703,5,1.0,,not_recorded_in_source_summary
mixed,19,19456,1.555256962776184,-0.0022838860750198364,1.4027668237686157,0.027006173506379128,-15.477412223815918,77.16055297851562,2,1.0,,not_recorded_in_source_summary
mixed,20,20480,1.1505768299102783,-0.030389077961444855,1.0262141227722168,0.02342698723077774,-15.475179672241211,46.277374267578125,5,1.0,,not_recorded_in_source_summary
mixed,21,21504,1.4980216026306152,-0.012694565579295158,1.3559826612472534,0.021528737619519234,-15.473360061645508,69.05449676513672,3,1.0,,not_recorded_in_source_summary
mixed,22,22528,1.5652968883514404,-0.011333312839269638,1.4219166040420532,0.021479645743966103,-15.471364974975586,32.177040100097656,4,1.0,,not_recorded_in_source_summary
mixed,23,23552,1.6047179698944092,1.695007085800171e-07,1.450008511543274,0.03135494142770767,-15.470934867858887,41.2937126159668,1,1.0,,not_recorded_in_source_summary
mixed,24,24576,1.2241907119750977,-0.004834387451410294,1.0743250846862793,0.04177854210138321,-15.470001220703125,49.82550048828125,2,1.0,,not_recorded_in_source_summary
mixed,25,25600,1.5251190662384033,-0.013795021921396255,1.3842300176620483,0.023490149527788162,-15.468412399291992,68.39171600341797,4,1.0,,not_recorded_in_source_summary
mixed,26,26624,1.522770643234253,-0.019818110391497612,1.387919306755066,0.023727182298898697,-15.46694564819336,27.540302276611328,4,1.0,,not_recorded_in_source_summary
mixed,27,27648,1.515548825263977,-0.010749706998467445,1.3716490268707275,0.02752930298447609,-15.464950561523438,71.63541412353516,5,1.0,,not_recorded_in_source_summary
mixed,28,28672,1.1606189012527466,-0.03326984494924545,1.0392518043518066,0.02376079000532627,-15.463699340820312,35.663944244384766,5,1.0,,not_recorded_in_source_summary
mixed,29,29696,1.4917664527893066,-0.013794941827654839,1.3509315252304077,0.02427687495946884,-15.462984085083008,57.359039306640625,3,1.0,,not_recorded_in_source_summary
mixed,30,30720,1.50369393825531,-0.0065896231681108475,1.3556599617004395,0.027683256193995476,-15.46236801147461,69.96903228759766,3,1.0,,not_recorded_in_source_summary
mixed,31,31744,1.4865773916244507,-0.014239108189940453,1.3461977243423462,0.02773967757821083,-15.461874008178711,28.290943145751953,3,1.0,,not_recorded_in_source_summary
mixed,32,32768,1.175681471824646,-0.02888469025492668,1.049964427947998,0.025953657925128937,-15.460165977478027,30.30150032043457,5,1.0,,not_recorded_in_source_summary
mixed,33,33792,1.4862418174743652,-0.01571357250213623,1.3473823070526123,0.02383480593562126,-15.457304000854492,25.440950393676758,5,1.0,,not_recorded_in_source_summary
mixed,34,34816,1.5286579132080078,-1.1175870895385742e-07,1.3740918636322021,0.021446160972118378,-15.456613540649414,30.091083526611328,1,1.0,,not_recorded_in_source_summary
mixed,35,35840,1.5132662057876587,7.117167115211487e-05,1.3586417436599731,0.022578325122594833,-15.455326080322266,88.23831939697266,2,1.0,,not_recorded_in_source_summary
mixed,36,36864,1.1845712661743164,-0.026043573394417763,1.0560873746871948,0.023777848109602928,-15.45274543762207,27.62838363647461,4,1.0,,not_recorded_in_source_summary
mixed,37,37888,1.412358045578003,-0.01650189235806465,1.2743613719940186,0.024170778691768646,-15.449857711791992,27.622373580932617,5,1.0,,not_recorded_in_source_summary
mixed,38,38912,1.4268652200698853,-0.02273702807724476,1.2951315641403198,0.019517116248607635,-15.447071075439453,37.722412109375,5,0.0,,not_recorded_in_source_summary
mixed,39,39936,1.4293338060379028,-0.017646770924329758,1.2925338745117188,0.024954568594694138,-15.444677352905273,37.32793045043945,4,1.0,,not_recorded_in_source_summary
mixed,40,40960,1.2306820154190063,-0.027406372129917145,1.103672981262207,0.021026108413934708,-15.441534042358398,25.150325775146484,5,1.0,,not_recorded_in_source_summary
mixed,41,41984,1.3909672498703003,-0.012235857546329498,1.2488186359405518,0.02125650644302368,-15.438453674316406,50.61019515991211,5,1.0,,not_recorded_in_source_summary
mixed,42,43008,1.396662712097168,-0.015926778316497803,1.2582286596298218,0.027587469667196274,-15.436078071594238,60.073734283447266,4,1.0,,not_recorded_in_source_summary
mixed,43,44032,1.3393245935440063,-0.010133106261491776,1.195115327835083,0.022021250799298286,-15.434240341186523,31.25872039794922,4,1.0,,not_recorded_in_source_summary
mixed,44,45056,1.324110746383667,-0.02108744904398918,1.19086754322052,0.026450632140040398,-15.433063507080078,32.49936294555664,4,1.0,,not_recorded_in_source_summary
mixed,45,46080,1.4190516471862793,-8.195638656616211e-08,1.2647244930267334,0.038166631013154984,-15.432733535766602,47.75720977783203,1,1.0,,not_recorded_in_source_summary
mixed,46,47104,1.4615038633346558,-4.0046870708465576e-07,1.3071798086166382,0.024952564388513565,-15.432439804077148,26.203960418701172,1,1.0,,not_recorded_in_source_summary
mixed,47,48128,1.2841119766235352,-9.872019290924072e-08,1.1297904253005981,0.026995785534381866,-15.432161331176758,33.33063888549805,1,1.0,,not_recorded_in_source_summary
mixed,48,49152,1.3077716827392578,0.01244601234793663,1.1410090923309326,0.03818138316273689,-15.431648254394531,103.84537506103516,2,1.0,,not_recorded_in_source_summary
mixed,49,50176,1.3579293489456177,-0.015625067055225372,1.2192481756210327,0.0254037007689476,-15.430631637573242,46.07875442504883,3,1.0,,not_recorded_in_source_summary
mixed,50,51200,1.3166601657867432,-0.012930767610669136,1.1753020286560059,0.02420951798558235,-15.428892135620117,35.89841079711914,4,1.0,,not_recorded_in_source_summary
mixed,51,52224,1.0771855115890503,-0.026815339922904968,0.9497356414794922,0.023478809744119644,-15.426519393920898,42.9572868347168,5,1.0,,not_recorded_in_source_summary
mixed,52,53248,1.2741512060165405,-0.013076333329081535,1.1329772472381592,0.020510202273726463,-15.425025939941406,85.5018539428711,4,1.0,,not_recorded_in_source_summary
mixed,53,54272,1.3061044216156006,-0.015443287789821625,1.1673064231872559,0.02055579610168934,-15.424131393432617,67.10737609863281,4,1.0,,not_recorded_in_source_summary
mixed,54,55296,1.3006941080093384,-0.021346217021346092,1.1678118705749512,0.024988040328025818,-15.422843933105469,37.99506378173828,5,1.0,,not_recorded_in_source_summary
mixed,55,56320,1.0345832109451294,-0.025565791875123978,0.9059387445449829,0.021105404943227768,-15.421031951904297,45.821815490722656,5,1.0,,not_recorded_in_source_summary
mixed,56,57344,1.2197239398956299,-0.014274928718805313,1.0798017978668213,0.013340255245566368,-15.419713973999023,85.95824432373047,5,0.0,,not_recorded_in_source_summary
mixed,57,58368,1.2895475625991821,-0.01452489010989666,1.149885892868042,0.027186932042241096,-15.418661117553711,59.154327392578125,4,1.0,,not_recorded_in_source_summary
mixed,58,59392,1.2819814682006836,-0.013403660617768764,1.141209602355957,0.020221665501594543,-15.417553901672363,95.54753112792969,3,1.0,,not_recorded_in_source_summary
mixed,59,60416,0.9780296087265015,-0.025433514267206192,0.8493105173110962,0.018916992470622063,-15.415266990661621,55.79323196411133,5,0.0,,not_recorded_in_source_summary
mixed,60,61440,1.2196253538131714,-0.01378476619720459,1.0792816877365112,0.026072300970554352,-15.412841796875,55.61498260498047,4,1.0,,not_recorded_in_source_summary
mixed,61,62464,1.2860260009765625,-0.004761719144880772,1.136671543121338,0.022446004673838615,-15.411617279052734,91.75083923339844,2,1.0,,not_recorded_in_source_summary
mixed,62,63488,1.2253998517990112,-0.010059073567390442,1.0813751220703125,0.028388094156980515,-15.40838623046875,29.214859008789062,5,1.0,,not_recorded_in_source_summary
mixed,63,64512,0.9463359117507935,-0.03207775577902794,0.8243592977523804,0.018276279792189598,-15.405438423156738,33.073123931884766,5,0.0,,not_recorded_in_source_summary
mixed,64,65536,1.2397381067276,-2.644956111907959e-07,1.0856881141662598,0.021613137796521187,-15.40502643585205,44.590335845947266,1,1.0,,not_recorded_in_source_summary
mixed,65,66560,1.1906459331512451,-0.019675835967063904,1.0562866926193237,0.016571035608649254,-15.403510093688965,48.325653076171875,5,0.0,,not_recorded_in_source_summary
mixed,66,67584,1.2482775449752808,1.695007085800171e-07,1.094244360923767,0.022589530795812607,-15.403305053710938,36.54524612426758,1,1.0,,not_recorded_in_source_summary
mixed,67,68608,0.9553306102752686,-0.015329184010624886,0.8166326880455017,0.023254694417119026,-15.402713775634766,43.25569152832031,4,1.0,,not_recorded_in_source_summary
mixed,68,69632,1.228319525718689,1.6391277313232422e-07,1.074293613433838,0.03299418464303017,-15.402580261230469,44.289730072021484,1,1.0,,not_recorded_in_source_summary
mixed,69,70656,1.2321807146072388,1.7229467630386353e-07,1.0781559944152832,0.07196348905563354,-15.402460098266602,39.03650665283203,1,1.0,,not_recorded_in_source_summary
mixed,70,71680,1.230412244796753,-1.993030309677124e-07,1.0763893127441406,0.09911550581455231,-15.402318954467773,37.101627349853516,1,1.0,,not_recorded_in_source_summary
mixed,71,72704,0.992114782333374,3.3527612686157227e-08,0.8380929827690125,0.038631781935691833,-15.40217113494873,28.05014419555664,1,1.0,,not_recorded_in_source_summary
mixed,72,73728,1.2209638357162476,2.253800630569458e-07,1.0669453144073486,0.048168085515499115,-15.401827812194824,28.05620765686035,1,1.0,,not_recorded_in_source_summary
mixed,73,74752,1.2230323553085327,0.016070926561951637,1.0529515743255615,0.025162778794765472,-15.400985717773438,156.858154296875,2,1.0,,not_recorded_in_source_summary
mixed,74,75776,1.2121468782424927,-0.00473548099398613,1.0628793239593506,0.022420110180974007,-15.40030288696289,28.04326820373535,2,1.0,,not_recorded_in_source_summary
mixed,75,76800,0.9096676111221313,-0.028350617736577988,0.7840341925621033,0.020855460315942764,-15.39840030670166,48.304351806640625,5,1.0,,not_recorded_in_source_summary
mixed,76,77824,1.1468981504440308,-0.016565820202231407,1.009500503540039,0.022680191323161125,-15.396340370178223,48.749000549316406,5,1.0,,not_recorded_in_source_summary
mixed,77,78848,1.1186658143997192,-0.012349151074886322,0.9770727157592773,0.017673660069704056,-15.394220352172852,70.99706268310547,5,0.0,,not_recorded_in_source_summary
mixed,78,79872,1.1252682209014893,-0.015382586047053337,0.9867238998413086,0.02131393551826477,-15.392684936523438,53.000579833984375,4,1.0,,not_recorded_in_source_summary
mixed,79,80896,0.9769327044487,-0.015270311385393143,0.8382846117019653,0.024068279191851616,-15.391839027404785,41.980979919433594,3,1.0,,not_recorded_in_source_summary
mixed,80,81920,1.0650912523269653,-0.019670667126774788,0.9308578968048096,0.025591321289539337,-15.390398025512695,29.117225646972656,5,1.0,,not_recorded_in_source_summary
mixed,81,82944,1.10647451877594,-0.011602148413658142,0.9641810655593872,0.021082673221826553,-15.389559745788574,63.73405838012695,3,1.0,,not_recorded_in_source_summary
mixed,82,83968,1.0895715951919556,-0.017351655289530754,0.9530437588691711,0.01867395080626011,-15.387948989868164,42.44347381591797,5,0.0,,not_recorded_in_source_summary
mixed,83,84992,0.9853735566139221,-0.030260814353823662,0.8617614507675171,0.018902914598584175,-15.387290000915527,20.105955123901367,5,0.0,,not_recorded_in_source_summary
mixed,84,86016,1.0654160976409912,-0.01432177983224392,0.9258625507354736,0.033726535737514496,-15.387533187866211,23.77372169494629,3,1.0,,not_recorded_in_source_summary
mixed,85,87040,1.070994257926941,-0.009248314425349236,0.9263693690299988,0.02277267351746559,-15.387319564819336,34.10071563720703,2,1.0,,not_recorded_in_source_summary
mixed,86,88064,0.974918782711029,-0.009903140366077423,0.8309540152549744,0.02249876782298088,-15.386789321899414,55.80587387084961,3,1.0,,not_recorded_in_source_summary
mixed,87,89088,1.0122472047805786,-0.01856670342385769,0.8769517540931702,0.022208411246538162,-15.386216163635254,41.78365707397461,4,1.0,,not_recorded_in_source_summary
mixed,88,90112,0.994978666305542,-0.013923613354563713,0.8550463318824768,0.02166786789894104,-15.385594367980957,56.6868896484375,5,1.0,,not_recorded_in_source_summary
mixed,89,91136,0.9521201848983765,-0.013412772677838802,0.811684250831604,0.012939064763486385,-15.384868621826172,36.04037094116211,5,0.0,,not_recorded_in_source_summary
mixed,90,92160,0.8267858624458313,-0.024504683911800385,0.6974567174911499,0.025447655469179153,-15.383381843566895,31.292770385742188,5,1.0,,not_recorded_in_source_summary
mixed,91,93184,0.9646756649017334,-0.009639609605073929,0.8204962015151978,0.020088203251361847,-15.381912231445312,122.74626159667969,4,1.0,,not_recorded_in_source_summary
mixed,92,94208,0.946163535118103,-0.013009285554289818,0.8053744435310364,0.019823305308818817,-15.379838943481445,94.69757843017578,5,0.0,,not_recorded_in_source_summary
mixed,93,95232,0.9868348836898804,-2.2351741790771484e-08,0.833040714263916,0.0206017903983593,-15.379419326782227,28.67715072631836,1,1.0,,not_recorded_in_source_summary
mixed,94,96256,0.8782265782356262,-2.039596438407898e-07,0.7244366407394409,0.022364316508173943,-15.379011154174805,32.39686584472656,1,1.0,,not_recorded_in_source_summary
mixed,95,97280,1.0154635906219482,-1.5459954738616943e-07,0.8616766929626465,0.025677256286144257,-15.378711700439453,26.95374298095703,1,1.0,,not_recorded_in_source_summary
mixed,96,98304,1.0020262002944946,2.3655593395233154e-07,0.8482404947280884,0.02311982959508896,-15.378543853759766,19.44656753540039,1,1.0,,not_recorded_in_source_summary
mixed,97,99328,1.002422571182251,8.009374141693115e-08,0.8486391305923462,0.04771236330270767,-15.37834358215332,29.76700782775879,1,1.0,,not_recorded_in_source_summary
mixed,98,100352,0.8461268544197083,1.601874828338623e-07,0.6923458576202393,0.029194198548793793,-15.378083229064941,22.293806076049805,1,1.0,,not_recorded_in_source_summary
mixed,99,101376,0.9251635074615479,0.009705927222967148,0.7616838216781616,0.02368304878473282,-15.377376556396484,94.27621459960938,2,1.0,,not_recorded_in_source_summary
mixed,100,102400,0.8875787258148193,-0.013572381809353828,0.7473978996276855,0.01903127133846283,-15.375326156616211,42.88954162597656,5,0.0,,not_recorded_in_source_summary
mixed,101,103424,0.8828327059745789,-0.025936448946595192,0.7550355195999146,0.01894461177289486,-15.373363494873047,24.067195892333984,5,0.0,,not_recorded_in_source_summary
mixed,102,104448,0.72419273853302,-0.02283722534775734,0.5933027267456055,0.021087434142827988,-15.372722625732422,32.71347427368164,4,1.0,,not_recorded_in_source_summary
mixed,103,105472,0.929202675819397,-0.006046397611498833,0.7815220952033997,0.02088119648396969,-15.372703552246094,35.69136428833008,2,1.0,,not_recorded_in_source_summary
mixed,104,106496,0.9010147452354431,0.0063670361414551735,0.7409201264381409,0.029028955847024918,-15.372759819030762,118.19862365722656,2,1.0,,not_recorded_in_source_summary
mixed,105,107520,0.8226395845413208,-0.019223764538764954,0.6881343722343445,0.012883022427558899,-15.372896194458008,20.559505462646484,5,0.0,,not_recorded_in_source_summary
mixed,106,108544,0.6873569488525391,-0.030309908092021942,0.5639398694038391,0.0220649354159832,-15.372697830200195,20.7703914642334,4,1.0,,not_recorded_in_source_summary
mixed,107,109568,0.8260089755058289,-0.005648292601108551,0.6779288649559021,0.02269909717142582,-15.372844696044922,54.946170806884766,4,1.0,,not_recorded_in_source_summary
mixed,108,110592,0.8160578012466431,-0.021791208535432816,0.6841263771057129,0.03178701922297478,-15.372264862060547,32.82828903198242,4,1.0,,not_recorded_in_source_summary
mixed,109,111616,0.8569942712783813,1.4808028936386108e-07,0.7032743096351624,0.029569867998361588,-15.371984481811523,40.047203063964844,1,1.0,,not_recorded_in_source_summary
mixed,110,112640,0.7215265035629272,-0.0031771883368492126,0.5709887742996216,0.02586107887327671,-15.371492385864258,49.768333435058594,2,1.0,,not_recorded_in_source_summary
mixed,111,113664,0.7803407907485962,-0.014941425994038582,0.6415788531303406,0.018092775717377663,-15.370342254638672,63.95474624633789,5,0.0,,not_recorded_in_source_summary
mixed,112,114688,0.7773785591125488,-0.018807806074619293,0.64249587059021,0.01260785199701786,-15.369054794311523,30.69415855407715,5,0.0,,not_recorded_in_source_summary
mixed,113,115712,0.7493537664413452,-0.02247815579175949,0.6181548833847046,0.021556038409471512,-15.36770248413086,32.23933029174805,5,1.0,,not_recorded_in_source_summary
mixed,114,116736,0.6214232444763184,-0.02283181995153427,0.49058425426483154,0.020708482712507248,-15.367080688476562,27.205472946166992,4,1.0,,not_recorded_in_source_summary
mixed,115,117760,0.7564009428024292,-0.02006601355969906,0.6228026151657104,0.019077124074101448,-15.366435050964355,32.833919525146484,5,0.0,,not_recorded_in_source_summary
mixed,116,118784,0.722977876663208,-0.00944123137742281,0.578766405582428,0.023286204785108566,-15.365272521972656,86.85948944091797,5,1.0,,not_recorded_in_source_summary
mixed,117,119808,0.7744682431221008,0.0009110122919082642,0.6199092864990234,0.020847931504249573,-15.364797592163086,96.79203033447266,2,1.0,,not_recorded_in_source_summary
mixed,118,120832,0.634243369102478,-0.031067848205566406,0.5116736888885498,0.023178577423095703,-15.363749504089355,26.9552059173584,5,1.0,,not_recorded_in_source_summary
mixed,119,121856,0.6608806848526001,-0.029355712234973907,0.536601185798645,0.019451964646577835,-15.363521575927734,32.21659469604492,5,0.0,,not_recorded_in_source_summary
mixed,120,122880,0.6379185318946838,-0.019793756306171417,0.5040773749351501,0.02328341081738472,-15.363489151000977,39.1943359375,5,1.0,,not_recorded_in_source_summary
mixed,121,123904,0.6842293739318848,-0.013403169810771942,0.54400235414505,0.01753920130431652,-15.36302375793457,68.97554779052734,5,0.0,,not_recorded_in_source_summary
mixed,122,124928,0.5936354398727417,-0.032620418816804886,0.47263094782829285,0.01956978440284729,-15.362491607666016,33.92889404296875,5,0.0,,not_recorded_in_source_summary
mixed,123,125952,0.7427045106887817,-0.0004536546766757965,0.5895355343818665,0.02475579082965851,-15.362262725830078,87.9405746459961,2,1.0,,not_recorded_in_source_summary
mixed,124,126976,0.6193557977676392,-0.01736205816268921,0.483101487159729,0.020257987082004547,-15.361634254455566,34.81068420410156,5,1.0,,not_recorded_in_source_summary
mixed,125,128000,0.6042246222496033,-0.01717735081911087,0.46779724955558777,0.019042925909161568,-15.360469818115234,52.36208724975586,5,0.0,,not_recorded_in_source_summary
mixed,126,129024,0.6004364490509033,-0.0320005789399147,0.4788552224636078,0.022730855271220207,-15.358180046081543,20.70079803466797,5,1.0,,not_recorded_in_source_summary
mixed,127,130048,0.6494080424308777,-0.007955633103847504,0.5037941932678223,0.02733861468732357,-15.356950759887695,29.663867950439453,2,1.0,,not_recorded_in_source_summary
mixed,128,131072,0.6704035997390747,1.2293457984924316e-07,0.5168396234512329,0.023539846763014793,-15.3563871383667,27.985483169555664,1,1.0,,not_recorded_in_source_summary
mixed,129,132096,0.6158894896507263,7.636845111846924e-08,0.46233224868774414,0.028874322772026062,-15.355714797973633,43.11090850830078,1,1.0,,not_recorded_in_source_summary
mixed,130,133120,0.6259185075759888,6.705522537231445e-08,0.47236818075180054,0.027309635654091835,-15.35502815246582,25.02799415588379,1,1.0,,not_recorded_in_source_summary
mixed,131,134144,0.6277948021888733,0.006461109966039658,0.4677967131137848,0.02692088857293129,-15.353696823120117,101.92139434814453,2,1.0,,not_recorded_in_source_summary
mixed,132,135168,0.6466192007064819,-0.013815406709909439,0.506908655166626,0.035511359572410583,-15.352595329284668,27.114330291748047,2,1.0,,not_recorded_in_source_summary
mixed,133,136192,0.5920760631561279,-0.0014780350029468536,0.44003918766975403,0.023447347804903984,-15.351493835449219,63.419368743896484,2,1.0,,not_recorded_in_source_summary
mixed,134,137216,0.5272643566131592,-0.01944972760975361,0.39321619272232056,0.021024316549301147,-15.34979248046875,20.612058639526367,4,1.0,,not_recorded_in_source_summary
mixed,135,138240,0.5399311780929565,-0.028446517884731293,0.4148982763290405,0.021138887852430344,-15.347942352294922,37.91830825805664,5,1.0,,not_recorded_in_source_summary
mixed,136,139264,0.5505365133285522,-0.013153083622455597,0.41022926568984985,0.01978606916964054,-15.346029281616211,84.1139907836914,5,0.0,,not_recorded_in_source_summary
mixed,137,140288,0.4648675322532654,-0.03151203691959381,0.3429413437843323,0.01638190820813179,-15.343822479248047,39.86152267456055,5,0.0,,not_recorded_in_source_summary
mixed,138,141312,0.47849780321121216,-0.023310355842113495,0.34839069843292236,0.025000624358654022,-15.34174633026123,26.445316314697266,5,1.0,,not_recorded_in_source_summary
mixed,139,142336,0.5011359453201294,-0.011961579322814941,0.3596985936164856,0.014236189424991608,-15.339897155761719,29.39989471435547,5,0.0,,not_recorded_in_source_summary
mixed,140,143360,0.5104916095733643,-0.015120580792427063,0.37223201990127563,0.021187929436564445,-15.338018417358398,54.28998947143555,5,1.0,,not_recorded_in_source_summary
mixed,141,144384,0.4684927463531494,-0.02660375088453293,0.3417358994483948,0.015913452953100204,-15.3360595703125,32.49095153808594,5,0.0,,not_recorded_in_source_summary
mixed,142,145408,0.47365522384643555,-0.015442930161952972,0.33576053380966187,0.014651022851467133,-15.333761215209961,54.16860580444336,5,0.0,,not_recorded_in_source_summary
mixed,143,146432,0.5250252485275269,0.002024899236857891,0.3696719706058502,0.024348393082618713,-15.332841873168945,80.62004852294922,2,1.0,,not_recorded_in_source_summary
mixed,144,147456,0.47520866990089417,-0.017044633626937866,0.33894169330596924,0.021214477717876434,-15.331161499023438,44.813880920410156,4,1.0,,not_recorded_in_source_summary
mixed,145,148480,0.425193727016449,-0.03749987483024597,0.3094107210636139,0.023532535880804062,-15.328289031982422,15.90727710723877,5,1.0,,not_recorded_in_source_summary
mixed,146,149504,0.4564863443374634,-0.014486062340438366,0.31771862506866455,0.020539691671729088,-15.32537841796875,45.44506072998047,4,1.0,,not_recorded_in_source_summary
mixed,147,150528,0.47107380628585815,-0.010354612953960896,0.3281957507133484,0.02713131159543991,-15.323265075683594,72.38742065429688,4,1.0,,not_recorded_in_source_summary
mixed,148,151552,0.41860800981521606,-0.015477137640118599,0.28087398409843445,0.019088756293058395,-15.32111930847168,55.63833999633789,5,0.0,,not_recorded_in_source_summary
mixed,149,152576,0.4270845353603363,-0.027702204883098602,0.3015904426574707,0.023347551003098488,-15.319631576538086,26.668212890625,4,1.0,,not_recorded_in_source_summary
mixed,150,153600,0.4037618041038513,-0.015864383429288864,0.26644226908683777,0.023441992700099945,-15.318389892578125,45.135013580322266,4,1.0,,not_recorded_in_source_summary
