step,elapsed_s,reward,cumulative_reward,terminated,truncated,tilt_deg,root_ball_offset_m,foot_ball_contacts,ball_speed_mps,action_abs_mean,action_abs_max
1,0.02,0.11544179441537857,0.11544179441537857,False,False,0.7566638769947204,0.0033329697239652444,0,2.4947809126812535e-19,0.3066624701023102,1.0200133323669434
2,0.04,0.11791695373250576,0.23335874814788432,False,False,1.2083656064222525,0.0025058958404848538,0,1.2698872923426954e-13,0.32616376876831055,1.5403552055358887
3,0.06,0.11644179421224694,0.34980054236013125,False,False,1.5880689331989022,0.00150649909884451,2,0.01693436905059855,0.32927829027175903,1.7275437116622925
4,0.08,0.11063188589058703,0.4604324282507183,False,False,1.4891148363520967,0.0008631204662631071,2,0.00931025244375894,0.37136054039001465,1.9411735534667969
5,0.1,0.10763030227243367,0.5680627305231519,False,False,1.3492970502644734,0.0008994053193638872,2,0.020617471198085408,0.3576204180717468,2.03932785987854
6,0.12,0.106919741176049,0.6749824716992009,False,False,1.6070558964322763,0.0012459402416831547,2,0.04834223075211311,0.36988595128059387,2.057598114013672
7,0.14,0.105196200271717,0.7801786719709178,False,False,2.34993710713421,0.0018551092570228466,2,0.05336622397621109,0.3529241681098938,2.1208810806274414
8,0.16,0.1140630473393606,0.8942417193102784,False,False,3.14441791224528,0.0025740771919172214,2,0.03649303151725098,0.4428490102291107,2.2499310970306396
9,0.18,0.11588080205812198,1.0101225213684004,False,False,3.5205321747581246,0.0032554656313652807,1,0.014846910248224028,0.40861281752586365,2.490687847137451
10,0.2,0.11660341606114184,1.1267259374295422,False,False,3.3231924808235322,0.003931660819838788,1,0.0064690463337586665,0.3878878951072693,2.618839979171753
11,0.22,0.11640258499508091,1.2431285224246231,False,False,2.8217491185278067,0.004242914021493963,2,0.03221598626188852,0.3546392023563385,2.6570932865142822
12,0.24,0.11686800235722107,1.3599965247818442,False,False,2.490021842851935,0.004181585279060053,2,0.024977732479313567,0.36317458748817444,2.5653367042541504
13,0.26,0.11485542991506505,1.4748519546969092,False,False,2.337075327017722,0.004179055755842639,2,0.019119119567014974,0.37580937147140503,2.4797072410583496
14,0.28,0.10978411281470983,1.5846360675116191,False,False,2.3496039250363356,0.004124549185502784,2,0.022141531550839033,0.37976548075675964,2.5082175731658936
15,0.3,0.10808470589424814,1.6927207734058674,False,False,2.4066399442889588,0.004102010876874943,2,0.02393146281184209,0.3767113983631134,2.533390760421753
16,0.32,0.10817334074473063,1.800894114150598,False,False,2.344016088640296,0.004134551722719461,2,0.0315465451619189,0.39644289016723633,2.505232334136963
17,0.34,0.10954897851035979,1.910443092660958,False,False,1.9759567056945115,0.004193655417372894,2,0.05129039269001031,0.4045903980731964,2.44238018989563
18,0.36,0.11685573325688177,2.0272988259178395,False,False,1.458844543225079,0.004269354115631769,2,0.0607183566879635,0.3755171298980713,2.4107186794281006
19,0.38,0.11457687296926693,2.1418756988871066,False,False,1.0996730652973554,0.004488180989920344,2,0.04237553902073049,0.3569391667842865,2.3553528785705566
20,0.4,0.11638485204540513,2.2582605509325115,False,False,0.9841711342738791,0.004951969889074254,2,0.02271693202182275,0.3868110179901123,2.2729806900024414
21,0.42,0.11167432382024141,2.369934874752753,False,False,0.9512103883226252,0.005480063873575716,2,0.015583511339530783,0.4051888883113861,2.2960009574890137
22,0.44,0.10598741368655408,2.4759222884393073,False,False,1.037031562507285,0.005867797335202329,2,0.017864443732279585,0.40007829666137695,2.28857159614563
23,0.46,0.1054638340977641,2.5813861225370713,False,False,1.0179873586974608,0.0061685125134595675,2,0.03547332886490661,0.4425210654735565,2.2319023609161377
24,0.48,0.11073191479523305,2.6921180373323046,False,False,0.8120471935566739,0.006326584194947622,1,0.08132476807249274,0.4402918517589569,2.20847749710083
25,0.5,0.11516625736664587,2.8072842946989507,False,False,0.5074485881219329,0.005977276199064667,1,0.13284120338216857,0.3833898603916168,2.1317355632781982
26,0.52,0.11337789662807544,2.9206621913270263,False,False,0.6815623667284526,0.0061175191162682495,1,0.14537365382631323,0.40197959542274475,2.164456605911255
27,0.54,0.11411995087060343,3.0347821421976295,False,False,1.6494819281252784,0.007108251338128661,2,0.0816878341814394,0.37831631302833557,2.1136012077331543
28,0.56,0.11497233461740669,3.149754476815036,False,False,1.9662263139383926,0.0077923602929300916,1,0.06592013528040955,0.34305423498153687,2.0300114154815674
29,0.58,0.10914330020609138,3.2588977770211276,False,False,1.8879261317887222,0.007851222112997555,2,0.038162998830764086,0.3281189799308777,1.9613873958587646
30,0.6,0.1081699813589818,3.3670677583801094,False,False,1.6308688157302291,0.007142961930062276,2,0.046661984302071226,0.3336496353149414,1.9214940071105957
31,0.62,0.10636161146646443,3.4734293698465737,False,False,1.0978921625229319,0.006169783221729012,2,0.04536641299046841,0.34333714842796326,1.818520188331604
32,0.64,0.10835178155949977,3.5817811514060733,False,False,0.6094145734388644,0.005769622678356381,2,0.02633337496435026,0.3582878112792969,1.6859287023544312
33,0.66,0.11010562310952175,3.691886774515595,False,False,0.5417637366534014,0.0060372344958600326,2,0.03726735304355011,0.36507028341293335,1.6462091207504272
34,0.68,0.1134962687445461,3.805383043260141,False,False,0.7548514795779888,0.006781425157438497,2,0.04816121135827594,0.3501615822315216,1.6343460083007812
35,0.7000000000000001,0.11191319020224448,3.9172962334623858,False,False,0.8967843660563569,0.007532277886746343,2,0.03128239292542066,0.3180951476097107,1.6786941289901733
36,0.72,0.11538368600530835,4.032679919467694,False,False,0.8471909430260578,0.008058127537597364,2,0.020216085847848675,0.3598495423793793,1.6156080961227417
37,0.74,0.10632206000872317,4.139001979476417,False,False,0.518887711314536,0.008400013071005815,2,0.029972410729471294,0.3973037600517273,1.6379413604736328
38,0.76,0.10414492687890167,4.243146906355318,False,False,0.31775185295763164,0.008564131963358096,2,0.04202095951536454,0.38736000657081604,1.571080207824707
39,0.78,0.10316631843454507,4.3463132247898635,False,False,0.5370478917511367,0.008629912140666373,2,0.037261716457889504,0.40200090408325195,1.5462348461151123
40,0.8,0.10561051074083473,4.451923735530698,False,False,0.7835965923822574,0.008642331468543972,2,0.05044753397326612,0.4596993923187256,1.565914511680603
41,0.8200000000000001,0.11025083075601158,4.56217456628671,False,False,0.9614411901291956,0.007828037544195476,1,0.11256981911506427,0.4136638939380646,1.5601375102996826
42,0.84,0.11183491433095652,4.674009480617666,False,False,0.8018626931158976,0.005823220925042043,1,0.14517659523264675,0.38987377285957336,1.5806556940078735
43,0.86,0.1078466776410624,4.781856158258729,False,False,0.12354070345060089,0.004213167214540581,1,0.16256147072905291,0.42297929525375366,1.6324748992919922
44,0.88,0.10886751448736091,4.89072367274609,False,False,1.331044868594711,0.004060157367921691,2,0.10601883082306185,0.43656468391418457,1.584547519683838
45,0.9,0.10960546555270823,5.000329138298799,False,False,1.753123142005121,0.004105795974209149,1,0.11576356551612331,0.37657395005226135,1.6404715776443481
46,0.92,0.10753802390376525,5.107867162202564,False,False,1.7990708979882608,0.004041988040565866,1,0.08179914093822219,0.38993677496910095,1.6325446367263794
47,0.9400000000000001,0.10626155697460644,5.214128719177171,False,False,1.5473751463098278,0.003644815952704745,2,0.060906413163205,0.3107655644416809,1.5137450695037842
48,0.96,0.107224957931128,5.3213536771082985,False,False,1.1183763179129635,0.002777444994295976,2,0.04749232485333518,0.3337633013725281,1.3717643022537231
49,0.98,0.10813831870125154,5.42949199580955,False,False,0.6540186322474775,0.0020475989734742954,2,0.050792155564558204,0.341904878616333,1.3356902599334717
50,1.0,0.11662176022945493,5.546113756039005,False,False,0.3835945390667365,0.0019477230965406138,1,0.08571609783977646,0.34533944725990295,1.4105613231658936
51,1.02,0.11544993311534316,5.661563689154348,False,False,0.5435666294679408,0.002921755363077801,1,0.1224414831672026,0.3500434458255768,1.5232592821121216
52,1.04,0.1111616592116793,5.772725348366027,False,False,1.2165966135740294,0.004274751962472364,2,0.09538258925240951,0.3536086082458496,1.5984052419662476
53,1.06,0.1119863772539931,5.88471172562002,False,False,1.8220937426548507,0.004491582987981108,2,0.05621918665938131,0.35238152742385864,1.547928810119629
54,1.08,0.10956416826989182,5.994275893889912,False,False,1.8837750958707042,0.004113865884697094,1,0.0526724387677402,0.37287601828575134,1.544715404510498
55,1.1,0.10678285317791925,6.101058747067832,False,False,1.5428155622973354,0.003351454083714399,2,0.04250669714436322,0.40573325753211975,1.5372257232666016
56,1.12,0.10458239967315064,6.205641146740982,False,False,1.178855784356569,0.0023087135811684315,2,0.043668653684339316,0.37070274353027344,1.473587155342102
57,1.1400000000000001,0.10701067688347851,6.312651823624461,False,False,0.9448116626591775,0.0015005190324754876,2,0.05486420033642621,0.37955665588378906,1.4243358373641968
58,1.16,0.11189528466354279,6.424547108288004,False,False,1.0003421358734501,0.001609497985371408,1,0.09729296219272347,0.36583366990089417,1.4523558616638184
59,1.18,0.1157829465134795,6.540330054801483,False,False,1.090380611976408,0.0031376466083783672,1,0.14824856598995054,0.3180217146873474,1.4410244226455688
60,1.2,0.1099517841326167,6.6502818389341,False,False,1.3500220057041752,0.0055772297180030185,1,0.15009376029893617,0.3647870421409607,1.5171852111816406
61,1.22,0.10687376795886673,6.757155606892966,False,False,2.6610191628747795,0.006802923253683719,2,0.10295726695052436,0.3684484660625458,1.5615330934524536
62,1.24,0.10974004006310416,6.8668956469560705,False,False,3.1731130953375164,0.007393767406684985,1,0.08707924065744735,0.2926107943058014,1.5418059825897217
63,1.26,0.1106771900769795,6.97757283703305,False,False,2.8788203582184804,0.007845682950440818,2,0.03981764296899501,0.27370670437812805,1.4519221782684326
64,1.28,0.11144897427565176,7.089021811308702,False,False,2.599173782181392,0.006995048151998467,2,0.017243946459178885,0.25739938020706177,1.4553436040878296
65,1.3,0.11319411965048194,7.202215930959183,False,False,2.0841260674777087,0.005479101438391173,2,0.021263570387779204,0.29104286432266235,1.3497200012207031
66,1.32,0.11686028990771566,7.319076220866899,False,False,1.5191685736817868,0.004102100655688651,2,0.002207842284100184,0.3254372477531433,1.2733042240142822
67,1.34,0.11743323928895708,7.436509460155856,False,False,1.2563206361790065,0.0036028418824600563,2,0.040520961967916574,0.298658162355423,1.3004848957061768
68,1.36,0.1153081987184969,7.551817658874352,False,False,1.3900163107109929,0.0040521603587790785,2,0.06466253006165697,0.2922402322292328,1.3037515878677368
69,1.3800000000000001,0.11671936202189878,7.668537020896251,False,False,1.5964264940838773,0.004803556853433508,2,0.052247713651096,0.31464558839797974,1.383097767829895
70,1.4000000000000001,0.11819983625759994,7.78673685715385,False,False,1.6405596674449645,0.004952180625547295,2,0.018192502201080984,0.3102293014526367,1.4221912622451782
71,1.42,0.11788932904228057,7.904626186196131,False,False,1.4191348805725588,0.0043920745242638035,2,0.010372021006016767,0.3105212152004242,1.4733072519302368
72,1.44,0.11689269055450516,8.021518876750637,False,False,1.0292660543182488,0.0034800973866156736,2,0.020132336092363937,0.319623738527298,1.4970521926879883
73,1.46,0.11451469107801152,8.13603356782865,False,False,0.6358139780202632,0.0028870036660670322,2,0.0061047925155465685,0.38439735770225525,1.4679337739944458
74,1.48,0.11732549835910669,8.253359066187755,False,False,0.5093729481712691,0.0027560898836737715,2,0.048620482304384816,0.37926366925239563,1.458561897277832
75,1.5,0.11692855133638158,8.370287617524138,False,False,0.7225343101584402,0.0029653992184401796,1,0.10944043984930729,0.33821842074394226,1.4173498153686523
76,1.52,0.11672729174793266,8.487014909272071,False,False,1.1836598555770963,0.004694153624331004,1,0.1543129080434076,0.35796985030174255,1.3510953187942505
77,1.54,0.10998450839387991,8.596999417665952,False,False,2.290380343213454,0.007275729273441104,2,0.13065338501794488,0.359159916639328,1.4096184968948364
78,1.56,0.11286349021865286,8.709862907884604,False,False,3.4985514107727305,0.008546436085517778,1,0.09007555932021667,0.3095376789569855,1.519595980644226
79,1.58,0.1146942378057755,8.82455714569038,False,False,3.7954502029402133,0.009312037430161584,1,0.037661121541884626,0.3552371859550476,1.6043492555618286
80,1.6,0.11351500090782919,8.93807214659821,False,False,3.5529180595519154,0.008939864907805888,1,0.028693406291234097,0.3803311884403229,1.7154046297073364
81,1.62,0.1131340626267057,9.051206209224915,False,False,2.8847300882562457,0.007389631786750872,1,0.0724751333382169,0.3186717629432678,1.7416166067123413
82,1.6400000000000001,0.11406778907598651,9.165273998300902,False,False,1.8628812259960712,0.004912318260092177,1,0.10726329989485461,0.4294167160987854,1.772669792175293
83,1.6600000000000001,0.11374664861179379,9.279020646912697,False,False,0.31027427285050035,0.0021127745455880496,2,0.08398296894957902,0.45681360363960266,1.8364838361740112
84,1.68,0.11157525298209847,9.390595899894794,False,False,0.8402332052770827,0.0003057976118361973,1,0.045731009942554246,0.3372802138328552,1.8785004615783691
85,1.7,0.11961745480906893,9.510213354703863,False,False,1.2770221253885687,0.0008037941084053821,1,0.016692437734848832,0.33383235335350037,1.938267707824707
86,1.72,0.11607891205319953,9.626292266757062,False,False,1.1516507044722515,0.0010641813908051389,1,0.04578080411102342,0.35398998856544495,1.9439380168914795
87,1.74,0.11643905477731537,9.742731321534377,False,False,0.5395923140919175,0.0008025702389831398,2,0.0455221102298782,0.3879702687263489,1.9291353225708008
88,1.76,0.11870662173325898,9.861437943267635,False,False,0.14265252599748507,0.0009300430660141304,2,0.024747446586690616,0.38249629735946655,1.8818893432617188
89,1.78,0.11793241660576637,9.979370359873402,False,False,0.12194656246489412,0.0014604636384701046,2,0.012970075814406803,0.39786556363105774,1.8901591300964355
90,1.8,0.11127376556837286,10.090644125441774,False,False,0.28046336769824726,0.0021865253039370053,2,0.01186349472590727,0.3826180100440979,1.8663920164108276
91,1.82,0.10687513216180607,10.19751925760358,False,False,0.5162412542683001,0.0029447914203627606,2,0.01986690259597091,0.4368741810321808,1.7783373594284058
92,1.84,0.11129193208623132,10.308811189689811,False,False,0.5297107745986771,0.0032662105650014374,2,0.053686358691960326,0.43432560563087463,1.6891423463821411
93,1.86,0.11647198670802286,10.425283176397834,False,False,0.3560827098158758,0.0023329003831993266,1,0.11241932557710804,0.3906942307949066,1.630985975265503
94,1.8800000000000001,0.1160982663693464,10.54138144276718,False,False,0.22028696137813833,0.00032652866318188243,1,0.16231961233279163,0.39115744829177856,1.5046329498291016
95,1.9000000000000001,0.11429048236818054,10.655671925135362,False,False,1.3181922245763926,0.0025804761114016197,2,0.10839991441630173,0.42738956212997437,1.5787001848220825
96,1.92,0.11741086230929154,10.773082787444654,False,False,2.217261366535483,0.0034466783336997483,1,0.08496124888933303,0.3546704351902008,1.608444094657898
97,1.94,0.11691300361401145,10.889995791058665,False,False,2.2598406006517084,0.0041978023833752365,2,0.046361066936229045,0.30036506056785583,1.5575966835021973
98,1.96,0.1179678810451905,11.007963672103855,False,False,2.1524961825380475,0.003956592444384462,1,0.0333053973795698,0.29082944989204407,1.5413072109222412
99,1.98,0.11468863283352981,11.122652304937386,False,False,1.6068123317967176,0.003371747655285718,2,0.02760699097715168,0.3134298324584961,1.4375685453414917
100,2.0,0.11492662337761213,11.237578928314997,False,False,1.022016075139142,0.002851245490085932,2,0.01780217734557131,0.32120826840400696,1.3247839212417603
101,2.02,0.11819978245398541,11.355778710768982,False,False,0.8018626931158976,0.002774789447911062,2,0.03373173298923426,0.30437153577804565,1.3381776809692383
102,2.04,0.11914021494022686,11.47491892570921,False,False,0.860255634765995,0.0028273449953503445,1,0.0684679521947675,0.2961849868297577,1.361956000328064
103,2.06,0.11777974768472882,11.592698673393938,False,False,1.1127631755195841,0.003313350574803212,2,0.0894267666576269,0.31440240144729614,1.4092155694961548
104,2.08,0.1178176110760557,11.710516284469994,False,False,1.3322204968328886,0.0038293087137161235,2,0.049728110662259864,0.31930118799209595,1.4698930978775024
105,2.1,0.11527354310826186,11.825789827578257,False,False,1.365300496425449,0.0033739386689893517,2,0.015538674422611446,0.3243614733219147,1.496465802192688
106,2.12,0.11389806265855536,11.939687890236812,False,False,1.0686281760688359,0.002302868999593427,2,0.009409728405704592,0.32780003547668457,1.5544968843460083
107,2.14,0.11520411608207949,12.054892006318891,False,False,0.6419395587561175,0.0009446674012877131,2,0.012089710319470289,0.32702305912971497,1.539520025253296
108,2.16,0.1162455072910438,12.171137513609935,False,False,0.4801054105106927,0.00023814739107584008,2,0.009601626515554273,0.4094874858856201,1.530725121498108
109,2.18,0.11939511111240389,12.290532624722339,False,False,0.5278605610242137,0.0006482171101773376,2,0.052383377200431555,0.39237162470817566,1.5522314310073853
110,2.2,0.117815800269012,12.40834842499135,False,False,0.511672627248496,0.0004170513377591181,1,0.09993008503076631,0.3268503248691559,1.4918901920318604
111,2.22,0.1157900846716799,12.52413850966303,False,False,0.8517978639110717,0.0018528870482052008,2,0.11259835035369913,0.36412009596824646,1.4271104335784912
112,2.24,0.1191000819801722,12.643238591643202,False,False,1.4314915764229053,0.002919074809783551,2,0.061505617063538,0.3792017102241516,1.4950693845748901
113,2.2600000000000002,0.11703814747206935,12.760276739115271,False,False,1.5949548118166363,0.003017116933662716,1,0.04139180176314325,0.3414357006549835,1.529056191444397
114,2.2800000000000002,0.11885666504930906,12.87913340416458,False,False,1.4569653516332584,0.0024466059398401485,1,0.010197147398432145,0.3185173571109772,1.555842638015747
115,2.3000000000000003,0.11874663879007172,12.997880042954652,False,False,1.1716962561291826,0.00136868509640586,2,0.011968400471377006,0.2873060405254364,1.5356820821762085
116,2.32,0.11766667954401289,13.115546722498664,False,False,0.7959844784540321,0.0007608524963795836,2,0.0012018107009256626,0.3688330352306366,1.3941423892974854
117,2.34,0.11983270403980738,13.23537942653847,False,False,0.6407191275099949,0.0010179730476420064,2,0.04498166425356546,0.3926143944263458,1.3804349899291992
118,2.36,0.11896113649093527,13.354340563029405,False,False,0.6786853156708926,0.0008736505427338069,1,0.10733334996887366,0.3230651319026947,1.405791997909546
119,2.38,0.11594916065053293,13.470289723679938,False,False,0.9346082112467985,0.0023613699130155433,1,0.13840556546101407,0.34747880697250366,1.3630578517913818
120,2.4,0.11600425310760518,13.586293976787543,False,False,1.8275632337337724,0.0045657455543076375,2,0.11317013829869085,0.4049392342567444,1.465644121170044
121,2.42,0.11746584470826653,13.70375982149581,False,False,2.609320521164269,0.005391106313372862,1,0.07747991419933101,0.36385229229927063,1.5067728757858276
122,2.44,0.11231923120111444,13.816079052696924,False,False,2.667924718333835,0.005732175808655284,2,0.03549889542272502,0.3071158528327942,1.4949575662612915
123,2.46,0.11228956264197457,13.928368615338899,False,False,2.4904934377310637,0.0051360552897165715,1,0.011393568192721016,0.2758718430995941,1.4927400350570679
124,2.48,0.11288525562419843,14.041253870963097,False,False,1.9320880682420107,0.003911331639074087,2,0.023996205287961588,0.28137221932411194,1.4252657890319824
125,2.5,0.11536212737269454,14.156615998335791,False,False,1.2940708558776979,0.0025084420410733514,2,0.011566147410125948,0.3399522304534912,1.312723994255066
126,2.52,0.11803530340604791,14.274651301741839,False,False,0.949357136307031,0.0018728559785261571,2,0.03726150283006561,0.33317872881889343,1.3130102157592773
127,2.54,0.11859996248450475,14.393251264226343,False,False,0.9765864720360827,0.00220266055126216,1,0.08168783903006664,0.2841806411743164,1.3446699380874634
128,2.56,0.11739210148600737,14.510643365712351,False,False,1.3823931667891733,0.003684688675427624,2,0.09817100078215056,0.3256185054779053,1.3847882747650146
129,2.58,0.1194863485826414,14.630129714294993,False,False,1.681442945622702,0.004830092825217747,2,0.053050061036015256,0.32291102409362793,1.5049594640731812
130,2.6,0.11614240830835004,14.746272122603344,False,False,1.6342252370167152,0.0048381116823210625,2,0.02033046176050409,0.33140236139297485,1.5697673559188843
131,2.62,0.11127312744950366,14.857545250052848,False,False,1.2170790571934331,0.004014007742207627,2,0.030464058857448906,0.3274376094341278,1.6200451850891113
132,2.64,0.10980648981065085,14.9673517398635,False,False,0.6752166735899378,0.0026721698697629174,2,0.03420833030205337,0.3214644491672516,1.599142074584961
133,2.66,0.11445255505180026,15.0818042949153,False,False,0.37586515166080414,0.0019226584111752155,2,0.015446642545583283,0.3820696175098419,1.5610905885696411
134,2.68,0.11887323666694367,15.200677531582244,False,False,0.31775185295763164,0.0016746514217538294,2,0.04664027280617488,0.3634583652019501,1.5546221733093262
135,2.7,0.11796138524810608,15.31863891683035,False,False,0.49218043081037144,0.001447075532396841,1,0.08313074816281957,0.31412339210510254,1.5008295774459839
136,2.72,0.12010747874947462,15.438746395579825,False,False,0.9598115894772213,0.0016908672143758473,2,0.057053908868512165,0.35239195823669434,1.5591455698013306
137,2.74,0.11896239800612426,15.557708793585949,False,False,1.080283977281945,0.001620398342350121,2,0.02169274128627626,0.35402101278305054,1.57310950756073
138,2.7600000000000002,0.11743514115397836,15.675143934739927,False,False,0.8211529130008702,0.000912228600716183,2,0.012331534149932107,0.3543106019496918,1.5792031288146973
139,2.7800000000000002,0.11612178143005225,15.79126571616998,False,False,0.29673544559612924,0.0006246190626878711,2,0.020540847468630465,0.3641744554042816,1.599477767944336
140,2.8000000000000003,0.11584281312564702,15.907108529295627,False,False,0.3976209296106134,0.0018346481750330513,2,0.012564713138274142,0.43975329399108887,1.6433767080307007
141,2.82,0.11980189954280886,16.026910428838434,False,False,0.6752166735899378,0.0025795709236328913,2,0.03910383193808266,0.4180991053581238,1.6621333360671997
142,2.84,0.12122605964202104,16.148136488480453,False,False,0.6180230834903567,0.0020044704976649227,1,0.10460680511946359,0.3946633040904999,1.6171892881393433
143,2.86,0.11729540806737547,16.265431896547828,False,False,0.3727285197772224,0.0010005011880476202,1,0.14652442233796875,0.3351772725582123,1.4961482286453247
144,2.88,0.11045346507912622,16.375885361626953,False,False,0.8011302748506157,0.0030882934556482537,1,0.1435934417005411,0.4218020737171173,1.534265160560608
145,2.9,0.11826730597943887,16.494152667606393,False,False,2.2628698664459783,0.004261806947704005,1,0.09984090941814873,0.4072205126285553,1.5903388261795044
146,2.92,0.11036337281679358,16.604516040423185,False,False,2.5138826004847674,0.0052394469699427884,1,0.08036238986212568,0.29182249307632446,1.5704127550125122
147,2.94,0.11413365993479795,16.718649700357982,False,False,2.4452060713992663,0.005193953046786977,1,0.027276133739071062,0.27945131063461304,1.537344217300415
148,2.96,0.11428494240676534,16.832934642764748,False,False,2.1009613298943357,0.004269421103805476,2,0.01641674001217912,0.27329158782958984,1.530617594718933
149,2.98,0.11392549589981964,16.94686013866457,False,False,1.6578841036559178,0.0030933018027736107,2,0.017995876390777005,0.3343849778175354,1.3780244588851929
150,3.0,0.11530667492013871,17.062166813584707,False,False,1.3767191850410878,0.002514035933619303,2,0.045161013546954586,0.421381413936615,1.3605852127075195
151,3.02,0.11538199022747336,17.17754880381218,False,False,1.525467509067075,0.002616756744617077,1,0.08932663216215811,0.318547785282135,1.4511550664901733
152,3.04,0.11708992926345713,17.294638733075637,False,False,1.937348162781958,0.0038736994713455208,1,0.1312858462448284,0.34848299622535706,1.5205436944961548
153,3.06,0.11896586670201376,17.41360459977765,False,False,2.414515914393836,0.005242721493978898,2,0.06159013359666373,0.36968907713890076,1.6832398176193237
154,3.08,0.11320380767975319,17.526808407457402,False,False,2.370337850930965,0.005356404270502689,1,0.034910303543136,0.3342331051826477,1.7005467414855957
155,3.1,0.10973600048632864,17.63654440794373,False,False,1.8449354675971052,0.004622819680859175,2,0.030968891910486154,0.3398166596889496,1.7604033946990967
156,3.12,0.10795042328881746,17.744494831232547,False,False,1.261760507671001,0.003048638798270257,2,0.04279192815426622,0.32589593529701233,1.7645282745361328
157,3.14,0.10917564123939473,17.853670472471943,False,False,0.7094159371080256,0.0016435190487716382,2,0.030775681420093178,0.41953155398368835,1.6800769567489624
158,3.16,0.11464191294052502,17.968312385412467,False,False,0.4756010977233198,0.0013608095737269708,1,0.06216467830032576,0.4248046576976776,1.6813722848892212
159,3.18,0.11531639064611614,18.083628776058582,False,False,0.6084505544248275,0.0022862467201874345,1,0.12261801967089164,0.32078424096107483,1.6786575317382812
160,3.2,0.11723550454563979,18.200864280604222,False,False,1.1660041163060757,0.0043974017045190225,1,0.14785415484577966,0.3837514817714691,1.7104777097702026
161,3.22,0.11848297157251322,18.319347252176733,False,False,2.118217266295247,0.006419608629702442,2,0.09316439395601245,0.3936653733253479,1.800902247428894
162,3.24,0.10861625165254307,18.427963503829275,False,False,2.4952044873728476,0.007193236829517078,1,0.07347947988914973,0.3506132960319519,1.8135613203048706
163,3.2600000000000002,0.10755894627037395,18.53552245009965,False,False,2.1194180758244654,0.007824434120217574,2,0.04922328100010723,0.3588007092475891,1.8310779333114624
164,3.2800000000000002,0.1071386495358316,18.64266109963548,False,False,1.6604789691051707,0.0072854977463195645,1,0.05891570911813776,0.3192828595638275,1.8815429210662842
165,3.3000000000000003,0.10731575342496802,18.749976853060446,False,False,0.8620734325603951,0.006483340340596978,2,0.06291647397306512,0.3604617416858673,1.743932843208313
166,3.3200000000000003,0.11211737579739965,18.862094228857845,False,False,0.5875081255056505,0.006044523547355379,2,0.039390902637551004,0.37703651189804077,1.6677981615066528
167,3.34,0.11885914873715096,18.980953377594997,False,False,0.751213567708221,0.005977552526096633,2,0.04233783504033264,0.35269132256507874,1.6641743183135986
168,3.36,0.11934441499380755,19.100297792588805,False,False,0.7930290330647735,0.0059306859338294216,1,0.0772028969121367,0.32963284850120544,1.6470448970794678
169,3.38,0.11867931291476856,19.218977105503573,False,False,0.8504184079213305,0.005834489253497081,2,0.07272902893771604,0.347372442483902,1.6762161254882812
170,3.4,0.12103706813922718,19.3400141736428,False,False,0.9157847151900025,0.005352368752804505,2,0.03901283911215654,0.336174875497818,1.6684443950653076
171,3.42,0.11969652514963634,19.459710698792435,False,False,0.7808448851888667,0.004603834337657606,2,0.012930477366861018,0.3291361629962921,1.6697336435317993
172,3.44,0.11897774852105641,19.578688447313493,False,False,0.637350892340222,0.0038388733653639774,2,0.023623612049209684,0.35457614064216614,1.6722902059555054
173,3.46,0.1182067775974808,19.696895224910975,False,False,0.8079403602616808,0.0035828624294760338,2,0.023527526377795174,0.3702947497367859,1.6054890155792236
174,3.48,0.11545244689396689,19.812347671804943,False,False,1.0160633084743873,0.0037693210928102187,2,0.014031668620713644,0.4325381815433502,1.6045137643814087
175,3.5,0.11787554956172924,19.930223221366674,False,False,1.0007332864504324,0.0034511724964156843,1,0.058849558963751346,0.40928933024406433,1.613538146018982
176,3.52,0.11974952187476141,20.049972743241437,False,False,0.8069710093135919,0.001887622453196952,1,0.11864455425545935,0.36953070759773254,1.5705366134643555
177,3.54,0.11926305421652615,20.16923579745796,False,False,0.3483045901864645,0.0009294185232707302,1,0.14963551490266946,0.3668194115161896,1.535215139389038
178,3.56,0.11436095907897384,20.283596756536934,False,False,0.9082753606044326,0.003457039480891755,2,0.11046191949166145,0.37743112444877625,1.5769424438476562
179,3.58,0.11643044617162811,20.40002720270856,False,False,1.686208074569594,0.004652574407232562,1,0.07268010590724071,0.32928919792175293,1.617722988128662
180,3.6,0.1176292353934721,20.517656438102033,False,False,1.6870202884085264,0.005431276138641789,2,0.03262983874769536,0.296631395816803,1.5719473361968994
181,3.62,0.1153569263332128,20.633013364435246,False,False,1.526108796112188,0.005283837003062892,2,0.012290410259000451,0.2929093837738037,1.5351771116256714
182,3.64,0.11186414444998706,20.744877508885235,False,False,1.0610939041494014,0.00492801762232492,2,0.021154174180154025,0.2973276972770691,1.448789358139038
183,3.66,0.11542865548436763,20.860306164369604,False,False,0.6058723384365376,0.004917559392328096,2,0.00302667088076124,0.3511318564414978,1.3453965187072754
184,3.68,0.11856692481453633,20.97887308918414,False,False,0.5471545941425193,0.005124882794455398,2,0.04093869410626474,0.33764228224754333,1.3603174686431885
185,3.7,0.11570687995794778,21.09457996914209,False,False,0.7689766877772454,0.0052497279095040945,2,0.06939107655896866,0.2840117812156677,1.3732047080993652
186,3.72,0.11611210641585568,21.210692075557944,False,False,1.1016287334900887,0.005316719421727452,2,0.06537399844487944,0.3340800702571869,1.4781111478805542
187,3.74,0.11898825202347468,21.329680327581418,False,False,1.1508008117753645,0.005367241077542304,2,0.03743156190487485,0.3603925406932831,1.5765531063079834
188,3.7600000000000002,0.11769762460742539,21.447377952188845,False,False,1.0063878875923913,0.004897453513266409,2,0.023816388205207407,0.3731524646282196,1.6307251453399658
189,3.7800000000000002,0.11070848791389123,21.558086440102734,False,False,0.6954879085526126,0.004264052931695752,2,0.029360502532501234,0.3730836510658264,1.728326678276062
190,3.8000000000000003,0.10331283603980736,21.661399276142543,False,False,0.5941319352659642,0.004186688069271115,2,0.024088411421104322,0.4799129366874695,1.8210173845291138
191,3.8200000000000003,0.11097593096593944,21.77237520710848,False,False,0.8287432965832581,0.004847299150336746,2,0.043900406163084806,0.5102564096450806,1.9042365550994873
192,3.84,0.11286266457179972,21.885237871680282,False,False,0.9249270413547914,0.004844746992938194,1,0.10955658561751307,0.4615442454814911,1.9110417366027832
193,3.86,0.1144089244404349,21.999646796120718,False,False,0.7908052010618044,0.003463858008301745,1,0.17640053902318728,0.35955747961997986,1.827535629272461
194,3.88,0.10916024040523503,22.108807036525953,False,False,0.7499100367917888,0.0022399883911877663,1,0.16121774248699222,0.515130341053009,1.8780550956726074
195,3.9,0.11117867663477667,22.219985713160728,False,False,2.1719572068289006,0.0019818903326802397,2,0.12760781361267845,0.5677779316902161,1.9940009117126465
196,3.92,0.09751738195435487,22.317503095115082,False,False,2.5618546913480937,0.0033622637684216005,1,0.15022368811751877,0.37668514251708984,1.9815356731414795
197,3.94,0.10516825437473544,22.422671349489818,False,False,2.2127549804709123,0.006065591651522371,1,0.11736446722740582,0.3573756217956543,1.9364471435546875
198,3.96,0.10714273799629534,22.529814087486113,False,False,1.783447564073636,0.007077153372242325,2,0.06219146491269298,0.40609118342399597,1.9209599494934082
199,3.98,0.1093646902997896,22.6391787777859,False,False,1.4370855196526373,0.0067187966617062115,2,0.056151640047163845,0.4469541907310486,1.7929975986480713
200,4.0,0.11241493220173651,22.751593709987638,False,False,1.1085346689486475,0.006237812103071878,2,0.0727592388915156,0.37995555996894836,1.752257227897644
201,4.0200000000000005,0.11537796869627671,22.866971678683914,False,False,0.7654059109030557,0.006121103237625011,1,0.1184190456535795,0.3405596911907196,1.7892810106277466
202,4.04,0.11797683315532759,22.984948511839242,False,False,0.6385777606240128,0.006702332724975275,1,0.14776428012903384,0.34548166394233704,1.6970691680908203
203,4.0600000000000005,0.11923899418170415,23.104187506020946,False,False,0.9514160823986779,0.008088888926809595,1,0.1577533406516501,0.35783547163009644,1.6129505634307861
204,4.08,0.11603432120537896,23.220221827226325,False,False,1.8155301692621744,0.008712087753529784,2,0.08374889441044839,0.3561129570007324,1.623099446296692
205,4.1,0.10948609623989523,23.32970792346622,False,False,2.003302167260667,0.008739971406332425,2,0.05845043721042989,0.3322252929210663,1.6802953481674194
206,4.12,0.10869066979124702,23.438398593257467,False,False,1.9749660040612513,0.008107083659811465,2,0.031996669767372345,0.32414039969444275,1.6757603883743286
207,4.14,0.1105810773553423,23.54897967061281,False,False,1.7692354662004657,0.00702070596671108,2,0.02408280720449445,0.3066871166229248,1.594046950340271
208,4.16,0.11442176781887488,23.663401438431684,False,False,1.4369493410525365,0.006019058250528081,2,0.031731588903374956,0.3639497458934784,1.4683210849761963
209,4.18,0.119030288464594,23.782431726896277,False,False,1.3485717051806028,0.005382759876772279,2,0.056161423615258325,0.35390669107437134,1.4690593481063843
210,4.2,0.11705882753040349,23.89949055442668,False,False,1.5444636311471491,0.005229544941045555,2,0.08173755492546292,0.32424765825271606,1.4642413854599
211,4.22,0.11921910850914462,24.018709662935827,False,False,1.9985094359220839,0.005457666514168442,2,0.07457393314186954,0.3714737892150879,1.5471301078796387
212,4.24,0.11987630133815344,24.13858596427398,False,False,2.2782994563020345,0.005159328263976611,2,0.03769128356750765,0.355727881193161,1.618011474609375
213,4.26,0.1200698973120384,24.258655861586018,False,False,2.1036610815488714,0.004263078646170839,2,0.010078854549687353,0.35249826312065125,1.6451020240783691
214,4.28,0.1185818096275295,24.377237671213546,False,False,1.6000997794208383,0.00300574667153708,2,0.009350448643475265,0.34934815764427185,1.6814426183700562
215,4.3,0.11385855086035067,24.491096222073896,False,False,0.9544961747904019,0.0015608731254104836,2,0.009492581750710848,0.38796189427375793,1.6507599353790283
216,4.32,0.11601383667280722,24.607110058746702,False,False,0.52301937574777,0.0004485559153697474,2,0.03310724676103996,0.432657390832901,1.6344612836837769
217,4.34,0.11886617144657646,24.72597623019328,False,False,0.4985008632676713,0.0003989298990952946,1,0.09327084248929698,0.38742461800575256,1.6264121532440186
218,4.36,0.11580984567701684,24.841786075870296,False,False,0.7890712212155848,0.002272553532077447,1,0.13916850368805683,0.3255738914012909,1.5281732082366943
219,4.38,0.11431260171182162,24.956098677582116,False,False,1.5934817707087603,0.004873038141225924,1,0.16652704071727803,0.4066649377346039,1.5504456758499146
220,4.4,0.11686362598540374,25.072962303567518,False,False,2.7282848840715097,0.006573952098742187,2,0.09301177920628524,0.42363980412483215,1.6051408052444458
221,4.42,0.11482545835228278,25.1877877619198,False,False,3.0872427959796456,0.007305740299109624,1,0.08834870456610724,0.3244437575340271,1.6384302377700806
222,4.44,0.11711688690374454,25.304904648823545,False,False,3.106459994181714,0.007229770468015316,1,0.03716721430841465,0.2813524603843689,1.598868489265442
223,4.46,0.11419881015011449,25.41910345897366,False,False,2.784036570470775,0.006398687812685104,2,0.02871180532957186,0.29152947664260864,1.610241413116455
224,4.48,0.10968276160052376,25.528786220574183,False,False,2.1527689414152467,0.004807818877842811,2,0.042233542446893854,0.3314347565174103,1.5467315912246704
225,4.5,0.11145949095051066,25.640245711524695,False,False,1.4250519992957573,0.003503056705049411,2,0.03965163514960278,0.41034963726997375,1.5002849102020264
226,4.5200000000000005,0.11691470989075406,25.75716042141545,False,False,1.1881151524588414,0.00338247788617789,1,0.07379719970573788,0.3688175082206726,1.5235483646392822
227,4.54,0.11749974890370643,25.874660170319157,False,False,1.2249320767227436,0.00466963328122904,1,0.12252318024671613,0.3005996644496918,1.5419808626174927
228,4.5600000000000005,0.1181218717197518,25.992782042038908,False,False,1.6434200596596822,0.006784250735823968,1,0.1368132154783208,0.36037519574165344,1.6065036058425903
229,4.58,0.11867651260758846,26.111458554646497,False,False,2.314775847885899,0.008252040567241402,2,0.07712932600424319,0.35162851214408875,1.7294461727142334
230,4.6000000000000005,0.1112285713261476,26.222687125972644,False,False,2.551902866119384,0.00847457146097417,1,0.045849045549701706,0.34801891446113586,1.7848773002624512
231,4.62,0.10900603996756181,26.331693165940205,False,False,2.2524668602053928,0.008030418119686118,2,0.042287485029674554,0.35759997367858887,1.8256034851074219
232,4.64,0.10815044457856154,26.439843610518768,False,False,1.763141222370107,0.006749296920206455,2,0.05745590438349481,0.3294108510017395,1.875751256942749
233,4.66,0.10807173682986909,26.54791534734864,False,False,1.203822695059268,0.005283355270005076,2,0.05616634086548528,0.36885789036750793,1.8000298738479614
234,4.68,0.11171772580025675,26.659633073148896,False,False,1.0246930873833964,0.004519201929024262,2,0.03787032746934748,0.41061657667160034,1.748826265335083
235,4.7,0.11844527752681153,26.778078350675706,False,False,1.1160993830702273,0.004298546614484166,1,0.06100119070051396,0.36758872866630554,1.7237316370010376
236,4.72,0.11768663943116292,26.89576499010687,False,False,1.2347969868472402,0.004690336498110328,1,0.10546817367023141,0.3451690971851349,1.7044446468353271
237,4.74,0.11712481592876743,27.012889806035638,False,False,1.6759638182277035,0.005670358048481137,2,0.08489371190595565,0.372560054063797,1.8392038345336914
238,4.76,0.11923793460621412,27.132127740641852,False,False,2.012172680135611,0.005927971476984826,2,0.04502460624297859,0.37687453627586365,1.8778860569000244
239,4.78,0.11190864805927923,27.244036388701133,False,False,1.9662263139383926,0.005623198354826865,1,0.04038379163241028,0.369964063167572,1.9232203960418701
240,4.8,0.1089418060092555,27.35297819471039,False,False,1.4664706822952538,0.005030609402991177,2,0.05999142834557376,0.33945390582084656,1.9427003860473633
241,4.82,0.10719089965570615,27.460169094366094,False,False,1.0561029613154376,0.004495032708121565,2,0.06918937627090618,0.3871734142303467,1.9139606952667236
242,4.84,0.1126322971219507,27.572801391488046,False,False,1.1718632535076772,0.0046604717216414075,2,0.030411644824357226,0.39696207642555237,1.8976953029632568
243,4.86,0.11891561780993146,27.691717009297978,False,False,1.2822215913601962,0.004760653095063607,1,0.034216277880391784,0.3776725232601166,1.855019211769104
244,4.88,0.12080919649052879,27.812526205788508,False,False,1.0664285324476679,0.004417706086353596,1,0.08125131653365711,0.34755992889404297,1.8047689199447632
245,4.9,0.11757623320891378,27.930102438997423,False,False,0.6428533617643803,0.003842805374830849,1,0.1115292909163913,0.33904358744621277,1.7257040739059448
246,4.92,0.11892264611592882,28.049025085113353,False,False,0.9544961747904019,0.0038098115737577854,2,0.08688943466079813,0.37035831809043884,1.7459526062011719
247,4.94,0.11824901497340311,28.167274100086757,False,False,1.4338136642836357,0.003904383295287697,2,0.050408050544291066,0.3653052747249603,1.7566773891448975
248,4.96,0.11484697710031856,28.282121077187075,False,False,1.5199412740698706,0.003967540062974141,2,0.028818433169114362,0.3386728763580322,1.7553013563156128
249,4.98,0.11504263712236382,28.39716371430944,False,False,1.3086568390523894,0.00391982951084839,2,0.015007188262669497,0.33011195063591003,1.7181271314620972
250,5.0,0.11765331298918952,28.51481702729863,False,False,0.8524867549026478,0.0037383712706784426,2,0.016797943371898327,0.31803086400032043,1.6113038063049316
251,5.0200000000000005,0.11930956547046041,28.63412659276909,False,False,0.5539077030983289,0.003725647054465674,2,0.01577333629406378,0.40221673250198364,1.53256356716156
252,5.04,0.11989933083558345,28.754025923604672,False,False,0.5297107745986771,0.0036034594021989727,1,0.06084550962294741,0.36281293630599976,1.5423296689987183
253,5.0600000000000005,0.11976644683395733,28.87379237043863,False,False,0.4423476893491018,0.003083796484939652,1,0.11759973547642326,0.33843326568603516,1.5273798704147339
254,5.08,0.11810921715077816,28.991901587589407,False,False,0.31959391287887345,0.0034185391915263147,1,0.14453659467799795,0.3757273554801941,1.5185825824737549
255,5.1000000000000005,0.11774570091904123,29.109647288508448,False,False,1.2384365711919016,0.004478751630564174,2,0.09016128467321952,0.3862185776233673,1.5694172382354736
256,5.12,0.11847221379942177,29.22811950230787,False,False,1.7163461437700607,0.004896318391836561,1,0.0693584945950988,0.3418141305446625,1.5788332223892212
257,5.14,0.11944862395588061,29.34756812626375,False,False,1.7231738368735146,0.0047365483742017045,1,0.03038366891675764,0.3226607143878937,1.5799542665481567
258,5.16,0.11844499295991645,29.466013119223664,False,False,1.5207135819278772,0.0037170143801992304,2,0.007533789938400006,0.3055505156517029,1.5740801095962524
259,5.18,0.11489341104344587,29.58090653026711,False,False,1.1057066818986454,0.0023434405755485754,2,0.011810101137027412,0.3219188153743744,1.3990719318389893
260,5.2,0.11765988631328937,29.6985664165804,False,False,0.6461929175266727,0.0015278773779989648,2,0.01892070316922566,0.35783782601356506,1.2963943481445312
261,5.22,0.1192112071672046,29.817777623747606,False,False,0.5609284154678615,0.0013506897806296377,2,0.058215937632620944,0.33118173480033875,1.3318432569503784
262,5.24,0.11816395736095366,29.93594158110856,False,False,0.7743019798836644,0.0016672647584743089,1,0.11140360963534762,0.3188597857952118,1.3264503479003906
263,5.26,0.11948712264570974,30.055428703754266,False,False,1.3227862209605346,0.003050468465483917,2,0.09558529247908693,0.34789228439331055,1.4008417129516602
264,5.28,0.11822848224019561,30.17365718599446,False,False,1.5280310428105397,0.0038187207834291777,2,0.048065244845369275,0.3316727578639984,1.452372670173645
265,5.3,0.11937335148959301,30.293030537484054,False,False,1.533145254133586,0.003506496149316057,2,0.019483840574967295,0.33856943249702454,1.5260651111602783
266,5.32,0.1194547927851572,30.41248533026921,False,False,1.2728780103965096,0.0026679100252055507,2,0.0041121057724055705,0.33872583508491516,1.5593875646591187
267,5.34,0.11494020103263651,30.527425531301844,False,False,0.8194831455558982,0.001434861270839493,2,0.011127739775388565,0.31313005089759827,1.4856168031692505
268,5.36,0.11527173259289147,30.642697263894735,False,False,0.27482532682606475,0.000327352573140883,2,0.009679415140426603,0.399383544921875,1.4279106855392456
269,5.38,0.12056230124081327,30.76325956513555,False,False,0.16785878907325083,0.00035460865952135085,2,0.051057593576574536,0.3740946352481842,1.442968726158142
270,5.4,0.11935147823321542,30.882611043368765,False,False,0.25640865792940004,0.0006219189872227824,1,0.11501824997733441,0.32222050428390503,1.4499980211257935
271,5.42,0.11675252600065143,30.999363569369418,False,False,0.618339615690562,0.00259808896497415,1,0.13321104375440465,0.3608348071575165,1.4147471189498901
272,5.44,0.11771569402016871,31.117079263389588,False,False,1.8075358184921568,0.0038435516201267847,2,0.08623242733981411,0.4054434895515442,1.500972867012024
273,5.46,0.11737086643534525,31.234450129824932,False,False,2.375122269524282,0.004165603243241913,1,0.06379913249698184,0.3450450301170349,1.5251661539077759
274,5.48,0.11599322070561871,31.35044335053055,False,False,2.2300239150761567,0.0042631386942759844,2,0.031347576163607054,0.3092937469482422,1.5134161710739136
275,5.5,0.11562230911886376,31.466065659649413,False,False,2.020810588872777,0.0034586191668394555,2,0.015368765664429221,0.27439314126968384,1.5287973880767822
276,5.5200000000000005,0.11568772173980972,31.581753381389223,False,False,1.5487656757439867,0.0023302065161581835,2,0.015295155012459288,0.3542603850364685,1.4453215599060059
277,5.54,0.11776520245321631,31.69951858384244,False,False,1.2002412037868402,0.0016018959612813571,2,0.04258238563237962,0.4080654978752136,1.420535922050476
278,5.5600000000000005,0.11764004994627532,31.817158633788715,False,False,1.26501320387903,0.00192563509452315,1,0.09477174375477035,0.33640989661216736,1.4490529298782349
279,5.58,0.11635711193567942,31.933515745724396,False,False,1.5401495727690038,0.003829909442605727,1,0.1493192162579084,0.33760687708854675,1.4183721542358398
280,5.6000000000000005,0.11844529845962662,32.051961044184026,False,False,2.1554038318725026,0.006541218535578941,2,0.11086928735924226,0.36756011843681335,1.5053561925888062
281,5.62,0.11613774004639038,32.168098784230416,False,False,2.5689504349388854,0.007618562259373447,1,0.06614788660703798,0.33327579498291016,1.5505732297897339
282,5.64,0.1111874811334991,32.279286265363915,False,False,2.3940008808770874,0.00796819628858445,2,0.029398947802390836,0.3239891827106476,1.6271944046020508
283,5.66,0.11054970124537349,32.38983596660929,False,False,2.026613130247827,0.00715697322505672,2,0.031245290061835664,0.3068959414958954,1.657015085220337
284,5.68,0.10943054064121852,32.49926650725051,False,False,1.398437743433479,0.0056092916956581584,2,0.04116486123487342,0.2978484332561493,1.6515161991119385
285,5.7,0.11279538374052313,32.612061890991036,False,False,0.8950370626509626,0.0043186744158217405,2,0.021949730471394795,0.36150768399238586,1.5382335186004639
286,5.72,0.11793000044105661,32.72999189143209,False,False,0.8146935253784731,0.0038426198445566146,2,0.043121692496339174,0.33425238728523254,1.4619008302688599
287,5.74,0.11774548966453474,32.84773738109663,False,False,1.1914046324681435,0.004106163786078437,2,0.07564765237224284,0.29928353428840637,1.418102741241455
288,5.76,0.11980329955827597,32.967540680654906,False,False,1.7123507543244707,0.004765517985865057,2,0.06467845815225426,0.32749924063682556,1.5172092914581299
289,5.78,0.12074973505497542,33.088290415709885,False,False,1.8881334441137445,0.004857881891996571,2,0.023848797769421816,0.3305308520793915,1.581154704093933
290,5.8,0.12034895452391764,33.208639370233804,False,False,1.6657740620053634,0.004065264017569068,2,0.018658830951322744,0.3287630081176758,1.6131927967071533
291,5.82,0.11812866142577469,33.326768031659576,False,False,1.1938657953811642,0.0025077824200013593,2,0.04501883253465758,0.31543612480163574,1.6740626096725464
292,5.84,0.1172059974169048,33.44397402907648,False,False,0.8672783798127126,0.0008347423113425047,2,0.035744152207888825,0.3619750440120697,1.6307904720306396
293,5.86,0.12051989374935118,33.56449392282583,False,False,0.820199176390677,0.0009847325400128561,2,0.017864626082875024,0.3871617615222931,1.5957367420196533
294,5.88,0.12106326899978126,33.685557191825616,False,False,0.6786853156708926,0.0009114005289907185,1,0.0649791324914299,0.3583557903766632,1.5662426948547363
295,5.9,0.11627331045578194,33.8018305022814,False,False,0.6252627860499127,0.0005137934308831497,1,0.1184342635499075,0.3170270323753357,1.5099246501922607
296,5.92,0.11656159199274635,33.91839209427415,False,False,1.1956674288908633,0.0027733801314911554,2,0.10664492825249124,0.3626449406147003,1.6042622327804565
297,5.94,0.11985246151618754,34.038244555790335,False,False,1.8231674846940746,0.0038734950285226727,2,0.0600344106914993,0.3611578047275543,1.6712756156921387
298,5.96,0.11587524094371109,34.154119796734044,False,False,1.9688125314400373,0.004074336060496077,1,0.0385942690707909,0.3262946903705597,1.6787735223770142
299,5.98,0.11165392202673556,34.26577371876078,False,False,1.7362979370092477,0.0033875994035019973,1,0.029462306399806872,0.31533583998680115,1.6681727170944214
300,6.0,0.10792022189071193,34.373693940651485,False,False,1.043989882631801,0.002099852084081291,2,0.05410536460885169,0.32487019896507263,1.715327501296997
301,6.0200000000000005,0.10709015260697512,34.48078409325846,False,False,0.5260038395658844,0.001323033449306541,2,0.04072879017152809,0.39730507135391235,1.6451854705810547
302,6.04,0.11114033762010993,34.591924430878564,False,False,0.7615615008191641,0.0022050245868631357,2,0.042049858642338844,0.4079144597053528,1.6246497631072998
303,6.0600000000000005,0.11558705372503807,34.7075114846036,False,False,0.7488655784576725,0.002970460412709925,1,0.08887449577415146,0.3469647765159607,1.6311628818511963
304,6.08,0.11739074662893674,34.824902231232535,False,False,0.519264675593575,0.003973507343390246,1,0.12805529344528307,0.3358360826969147,1.6238969564437866
305,6.1000000000000005,0.11866693726844227,34.94356916850098,False,False,0.9204735277713141,0.005098466767522004,2,0.07830221920682834,0.3885052502155304,1.7314859628677368
306,6.12,0.11128974082436105,35.05485890932534,False,False,1.262690704302172,0.005454723903766788,2,0.041926686285743156,0.37139585614204407,1.7367302179336548
307,6.140000000000001,0.1084996833449852,35.16335859267033,False,False,1.1010957138729327,0.005694541009041011,2,0.03204317554238057,0.3573935925960541,1.7730053663253784
308,6.16,0.10798064810598872,35.271339240776314,False,False,0.7843453826380878,0.0059017500758543695,2,0.028868916624389687,0.35542845726013184,1.7540249824523926
309,6.18,0.11086411037531987,35.38220335115163,False,False,0.8647929654138626,0.005879770224794978,2,0.01469563565057308,0.4093252718448639,1.732202410697937
310,6.2,0.11913196401805776,35.50133531516969,False,False,0.9452257907031497,0.005671073679917414,2,0.04775445118890955,0.4215323030948639,1.737540602684021
311,6.22,0.12019359886405281,35.621528914033746,False,False,0.8021066839285893,0.0049782506288168025,1,0.10524826593058223,0.37886765599250793,1.6968181133270264
312,6.24,0.11688278489557814,35.738411698929326,False,False,0.5961047263691928,0.004374571348283871,1,0.15908688651256636,0.3653676211833954,1.5874656438827515
313,6.26,0.11699882168755936,35.855410520616886,False,False,0.9468804918128891,0.005627851006848051,1,0.16511912968620904,0.41435304284095764,1.6405178308486938
314,6.28,0.1174875696259327,35.972898090242815,False,False,2.3598277695410768,0.00669061525862363,1,0.10407921100528199,0.4034600853919983,1.6720436811447144
315,6.3,0.11027308701561858,36.083171177258436,False,False,2.7920404925594773,0.007566204820061531,1,0.07657591665362407,0.3191220760345459,1.6893680095672607
316,6.32,0.11436173144448539,36.19753290870292,False,False,2.805678521853693,0.007517720705858525,1,0.02289910995716048,0.31457895040512085,1.6362396478652954
317,6.34,0.11629023198037383,36.31382314068329,False,False,2.3460192306973418,0.00663963992316345,2,0.01926425677250999,0.29168540239334106,1.6274147033691406
318,6.36,0.11664462812023153,36.430467768803524,False,False,1.544336919046614,0.0052861198123543215,2,0.03195962373085615,0.35120177268981934,1.5134609937667847
319,6.38,0.11615278864059343,36.546620557444115,False,False,0.8446464268622883,0.00414298003161695,2,0.007830804510345155,0.36355122923851013,1.473193645477295
320,6.4,0.1179663572543753,36.66458691469849,False,False,0.6211811475979176,0.00370905349144434,2,0.03159149440183917,0.32641473412513733,1.4760832786560059
321,6.42,0.11864555608659264,36.78323247078508,False,False,0.5911604051207391,0.0037707322650931134,2,0.0537073736588465,0.3415885269641876,1.4802536964416504
322,6.44,0.11841433868778035,36.90164680947286,False,False,0.5719823456302928,0.003981666143215789,2,0.04913850439038858,0.3306027054786682,1.5826213359832764
323,6.46,0.11853566773845126,37.02018247721131,False,False,0.5546137735257471,0.0038656485067228336,2,0.022224145181530576,0.3497389853000641,1.5619326829910278
324,6.48,0.11587452693108917,37.136057004142394,False,False,0.4261256468425825,0.0033449911261004554,2,0.009526839174697972,0.37469711899757385,1.5691384077072144
325,6.5,0.10811155974037041,37.244168563882766,False,False,0.2947505664483941,0.0026476368352586262,2,0.01342611039976983,0.38665205240249634,1.5716291666030884
326,6.5200000000000005,0.10721057171018938,37.35137913559296,False,False,0.39564760470754784,0.002363396131616855,2,0.014568672845781413,0.40299826860427856,1.5503835678100586
327,6.54,0.1087706118548852,37.46014974744784,False,False,0.5031890923294566,0.0023388817755558614,2,0.04520385332101087,0.42357945442199707,1.5285815000534058
328,6.5600000000000005,0.11215290123394828,37.57230264868179,False,False,0.3134116129266708,0.0016783942665393775,1,0.10364500875675424,0.4147322475910187,1.525480031967163
329,6.58,0.11585224677634373,37.68815489545813,False,False,0.08622923312351063,0.000781421881662964,1,0.1601130926866791,0.38562315702438354,1.4489210844039917
330,6.6000000000000005,0.11242127866280369,37.800576174120934,False,False,1.0021011112537135,0.003911393756433028,2,0.14088899548878378,0.3861449360847473,1.5269756317138672
331,6.62,0.11712297795714854,37.917699152078086,False,False,1.9192826918576118,0.005501545610511078,2,0.08208715287054814,0.3462943732738495,1.5158405303955078
332,6.640000000000001,0.1170964585880034,38.03479561066609,False,False,2.162474855792959,0.006407998837078016,1,0.06641183009253727,0.31110668182373047,1.5203629732131958
333,6.66,0.11011518858754549,38.14491079925363,False,False,2.005352689932166,0.0066907107094738,1,0.035444760854329654,0.31443384289741516,1.4899227619171143
334,6.68,0.10897204744957754,38.253882846703206,False,False,1.6449673625850278,0.006416930158641549,2,0.032314907766702906,0.2986854910850525,1.4373929500579834
335,6.7,0.1077120779922302,38.36159492469544,False,False,1.1455174049331749,0.006099542516237407,2,0.03120498372876229,0.3262591063976288,1.3393797874450684
336,6.72,0.11171131256293151,38.47330623725837,False,False,0.7300778528284478,0.006014707999754075,2,0.010483826777354535,0.32882216572761536,1.2886992692947388
337,6.74,0.11727448054847235,38.590580717806844,False,False,0.7211789462589656,0.005905022674881395,2,0.0325119326758312,0.2961301803588867,1.339005947113037
338,6.76,0.11651315162012152,38.70709386942696,False,False,0.8895546204214885,0.005651455677952581,2,0.06289986266008978,0.3072539269924164,1.3854923248291016
339,6.78,0.11862192328456635,38.82571579271153,False,False,1.0873254716468377,0.005266030730860084,2,0.053498246239662844,0.3407728970050812,1.5025053024291992
340,6.8,0.11705175306223808,38.94276754577376,False,False,1.005804402912798,0.00469117985394262,2,0.029356121910882767,0.3529077172279358,1.550405502319336
341,6.82,0.11315790288350457,39.05592544865727,False,False,0.6999750294899696,0.0036581679388756846,2,0.026104731964178264,0.356848806142807,1.605950117111206
342,6.84,0.11102673073120024,39.16695217938847,False,False,0.4311471421598645,0.0028279434661814414,2,0.024570686084164007,0.33382532000541687,1.6510319709777832
343,6.86,0.11123920735823821,39.278191386746705,False,False,0.5774299653769867,0.0030301355522755354,2,0.029510042574504458,0.4426834285259247,1.7086085081100464
344,6.88,0.11666115190614279,39.39485253865285,False,False,0.5428461908500587,0.003330207450094539,2,0.06838835705393222,0.4601483941078186,1.7309507131576538
345,6.9,0.11475012317804996,39.5096026618309,False,False,0.3690354227376269,0.002749191716572276,1,0.1349509604187982,0.3334662616252899,1.6674290895462036
346,6.92,0.114943262112961,39.624545923943856,False,False,0.6425489051520261,0.001994035458418741,1,0.15283412043607653,0.41373762488365173,1.621647596359253
347,6.94,0.11779586205546877,39.74234178599932,False,False,1.8906194195260488,0.002671690407396501,2,0.1072865524405031,0.4750348925590515,1.7108074426651
348,6.96,0.1109557824820464,39.853297568481366,False,False,2.284476397847024,0.003292714093419391,1,0.10129765136261154,0.3734591603279114,1.7231605052947998
349,6.98,0.11048070098187215,39.96377826946324,False,False,2.2971213107306165,0.003394157049544317,1,0.06677570115041659,0.33171144127845764,1.69657301902771
350,7.0,0.10925348878998298,40.07303175825322,False,False,1.9811003710923545,0.003117478751543503,2,0.03880793659418036,0.29565998911857605,1.7163692712783813
351,7.0200000000000005,0.10898007969766292,40.18201183795089,False,False,1.503631200422475,0.0019984830475650753,2,0.03127481793917548,0.38923218846321106,1.6296848058700562
352,7.04,0.1129479619043573,40.29495979985525,False,False,1.0073596110979315,0.0013641613083959102,2,0.055782771147544645,0.4178590476512909,1.6088497638702393
353,7.0600000000000005,0.11416512838460349,40.409124928239855,False,False,0.7478196614430778,0.0019299951422351216,1,0.11250147066793931,0.34542402625083923,1.6320472955703735
354,7.08,0.11807260915028547,40.52719753739014,False,False,0.7060982652852235,0.003878118258490793,1,0.15627503488958078,0.3344578742980957,1.650774598121643
355,7.1000000000000005,0.11931833093531176,40.64651586832545,False,False,1.0764733276229153,0.006577175547409419,1,0.16279770847235323,0.38123342394828796,1.6321080923080444
356,7.12,0.1161124845094035,40.76262835283485,False,False,1.7521181845413276,0.008090001968688601,2,0.08203375680736885,0.3528759777545929,1.6467974185943604
357,7.140000000000001,0.10976111328965878,40.87238946612451,False,False,1.8547743575718778,0.008191844345496706,1,0.05070262146716692,0.3488945960998535,1.6886637210845947
358,7.16,0.10945310464335571,40.98184257076787,False,False,1.561726030089308,0.007401986262753418,2,0.02635258960786291,0.3436373770236969,1.7387285232543945
359,7.18,0.1128110922827194,41.094653663050586,False,False,1.205771752606473,0.005838554411722362,2,0.02705387720161359,0.364317387342453,1.7086430788040161
360,7.2,0.11785738966437288,41.21251105271496,False,False,0.8733489576197229,0.00419059914746666,2,0.012121128451268521,0.36495089530944824,1.5801007747650146
361,7.22,0.12064192649484812,41.33315297920981,False,False,0.6452838435675192,0.0030810191536935275,2,0.042151884597994134,0.38385242223739624,1.5869871377944946
362,7.24,0.11928424200756525,41.45243722121737,False,False,0.6283844681494187,0.0026296593549786085,2,0.07948542627981954,0.33733224868774414,1.577874779701233
363,7.26,0.1192600841109355,41.57169730532831,False,False,1.0368428517666946,0.0031254685028052143,2,0.08427744521066897,0.35135117173194885,1.6163891553878784
364,7.28,0.11943374475451048,41.69113105008282,False,False,1.3829592848606571,0.003893646855588757,2,0.05931115502563174,0.3557529151439667,1.718286156654358
365,7.3,0.11906871838645343,41.81019976846927,False,False,1.5505336373530734,0.0038519559037594564,2,0.029042917156020222,0.36495232582092285,1.757870078086853
366,7.32,0.11802383899404337,41.92822360746331,False,False,1.3758660699954228,0.0031927568686525767,2,0.01135406684362955,0.35140329599380493,1.7943663597106934
367,7.34,0.11828039398296533,42.04650400144627,False,False,0.9371172869527795,0.0021196917008150674,2,0.014724794311266267,0.32917001843452454,1.769910454750061
368,7.36,0.11702439255410436,42.16352839400038,False,False,0.3737769883456949,0.001266982065809835,2,0.009382892306091548,0.40312308073043823,1.6996241807937622
369,7.38,0.11976439513511458,42.283292789135494,False,False,0.22028696137813833,0.0013562871300928988,2,0.05193116259368999,0.43910762667655945,1.672216773033142
370,7.4,0.11776007557903614,42.40105286471453,False,False,0.38765386898692206,0.0016332503045853502,1,0.11065888695712292,0.33543893694877625,1.6537469625473022
371,7.42,0.11430205126515432,42.515354915979685,False,False,0.9371172869527795,0.0027706141689082006,1,0.15599770296040671,0.3844394385814667,1.5958596467971802
372,7.44,0.1177883012456022,42.63314321722529,False,False,1.8017883426158496,0.00469044414051555,2,0.09922266070496497,0.4229094982147217,1.677829623222351
373,7.46,0.11474186330991952,42.747885080535205,False,False,2.155857798001312,0.0054074375300406366,1,0.081150290635623,0.36202317476272583,1.6742119789123535
374,7.48,0.11226196070787386,42.86014704124308,False,False,2.0816830588043396,0.005461032805688856,1,0.047384607901451437,0.3249543309211731,1.6941897869110107
375,7.5,0.11146589160731839,42.9716129328504,False,False,1.7486522449960287,0.004785778092554368,2,0.025426448860937412,0.2847535312175751,1.7100975513458252
376,7.5200000000000005,0.11124584424925889,43.08285877709966,False,False,1.1398662269877649,0.003360734983297397,2,0.029598523325730777,0.3125613331794739,1.554524540901184
377,7.54,0.11586763057782055,43.198726407677476,False,False,0.46267126253819113,0.002039282328026159,2,0.019541271830642283,0.36021286249160767,1.4619089365005493
378,7.5600000000000005,0.11932097490221957,43.3180473825797,False,False,0.24066274127277762,0.0014894772651029738,2,0.05016377563544723,0.341541588306427,1.506208896636963
379,7.58,0.1198843922968957,43.437931774876596,False,False,0.3727285197772224,0.001899115256745336,1,0.09636986035699566,0.29489684104919434,1.4971332550048828
380,7.6000000000000005,0.11783738783937242,43.55576916271597,False,False,0.7783348918327991,0.003300380384538202,2,0.10612430695844814,0.3279978334903717,1.4852124452590942
381,7.62,0.12012276009640484,43.675891922812376,False,False,1.221412475906456,0.00414058876402567,2,0.056680184016131556,0.32747361063957214,1.5552295446395874
382,7.640000000000001,0.11614985683753186,43.79204177964991,False,False,1.2776349253428079,0.003879184617409214,2,0.022468865613382207,0.3299548625946045,1.5995948314666748
383,7.66,0.11300823241059585,43.9050500120605,False,False,0.9753835029009227,0.002820764568785948,2,0.015770536999928277,0.3305610716342926,1.6655312776565552
384,7.68,0.11350885823299323,44.01855887029349,False,False,0.5818186013338026,0.0013529530299542076,2,0.01420444615941343,0.3239288926124573,1.6369720697402954
385,7.7,0.11711059631857848,44.135669466612065,False,False,0.36637470537647665,0.0004303988078476955,2,0.022360426038643574,0.44417229294776917,1.6387193202972412
386,7.72,0.11971603263517333,44.25538549924724,False,False,0.2811601735667408,0.0009491570507172201,1,0.07539669234110409,0.40752196311950684,1.6893746852874756
387,7.74,0.11825472777538194,44.37364022702262,False,False,0.27624562495594135,0.0019397852468489459,1,0.1385034639987301,0.3115689754486084,1.638688087463379
388,7.76,0.1147192974511925,44.488359524473815,False,False,0.8292153887651467,0.004084715503255936,1,0.14370337866331684,0.40916872024536133,1.6725826263427734
389,7.78,0.11836209752154697,44.60672162199536,False,False,2.048799554369759,0.005186221548611165,2,0.0873646929287136,0.4367688298225403,1.75638747215271
390,7.8,0.1078840421376788,44.71460566413304,False,False,2.392774204753592,0.0055827697390960496,1,0.0771842203587258,0.335869163274765,1.7430336475372314
391,7.82,0.1091773908539887,44.823783054987025,False,False,2.354347321062818,0.005086851103582654,1,0.04353427534657926,0.32897448539733887,1.7353670597076416
392,7.84,0.10932537413538744,44.93310842912241,False,False,1.9775407963749903,0.003928255232174794,2,0.04144237248745365,0.31626182794570923,1.75890052318573
393,7.86,0.1083049694453352,45.04141339856775,False,False,1.4286179051011836,0.002565747465083143,2,0.0350489232610812,0.3655953109264374,1.5908106565475464
394,7.88,0.11186753391658744,45.153280932484336,False,False,0.9859589566362199,0.0018628719096662754,2,0.041140808285950584,0.44218018651008606,1.5741361379623413
395,7.9,0.11763971019606441,45.2709206426804,False,False,0.9452257907031497,0.001861961398072515,1,0.08061999631386052,0.3646763265132904,1.624199390411377
396,7.92,0.11773006215309481,45.388650704833495,False,False,1.0808272591897157,0.0029708614772455035,1,0.1328088681961904,0.33555957674980164,1.5751222372055054
397,7.94,0.11686771947302356,45.505518424306516,False,False,1.74315977364015,0.004742812191753698,2,0.11318424714163829,0.3890632688999176,1.6566336154937744
398,7.96,0.11577356272228,45.6212919870288,False,False,2.435179729211405,0.0054994690373624,1,0.0738833247884717,0.3537020981311798,1.7523373365402222
399,7.98,0.10974073272655586,45.731032719755355,False,False,2.3288535946642406,0.0058816380289242465,1,0.0486939980974954,0.3365819454193115,1.8031120300292969
400,8.0,0.1089670476105276,45.83999976736588,False,False,1.9266104677724174,0.005288600000389655,1,0.04078901730257244,0.3262982666492462,1.8451586961746216
401,8.02,0.10760264011805898,45.94760240748394,False,False,1.3043131715531373,0.004212863181576648,2,0.0477607628080108,0.3445414900779724,1.8084708452224731
402,8.040000000000001,0.1111408516450343,46.058743259128974,False,False,0.878487106155758,0.0035831829086170565,2,0.034711797023340867,0.4131080210208893,1.7294816970825195
403,8.06,0.11743466341851636,46.17617792254749,False,False,0.7241573985035723,0.0036684501051348615,2,0.05653261469147961,0.37603506445884705,1.705748438835144
404,8.08,0.11875636372263068,46.29493428627012,False,False,0.6752166735899378,0.0040822784880329135,1,0.09784239434988656,0.3265618681907654,1.7047162055969238
405,8.1,0.11905167482866062,46.41398596109878,False,False,0.9628648284778932,0.0049492584472977455,1,0.12938101201257032,0.3674052655696869,1.7071226835250854
406,8.120000000000001,0.11949350344259181,46.53347946454137,False,False,1.5778078146847765,0.0055533554497942065,2,0.06563806028478422,0.36267730593681335,1.7600823640823364
407,8.14,0.11431925167522584,46.6477987162166,False,False,1.7215831297526556,0.005284303268689028,1,0.03204679726769063,0.3311813473701477,1.7620515823364258
408,8.16,0.11065844065408184,46.75845715687068,False,False,1.3344220086673233,0.004747201453576332,2,0.023493621376433824,0.3216957151889801,1.750593900680542
409,8.18,0.10997897343503725,46.86843613030572,False,False,0.8862488773265843,0.003807394155928657,2,0.04056801028015597,0.32080093026161194,1.7270827293395996
410,8.2,0.1160000702639738,46.98443620056969,False,False,0.6286957838839439,0.0034100605414916305,2,0.021977119538627753,0.3802647590637207,1.6350919008255005
411,8.22,0.1204208318897208,47.10485703245941,False,False,0.6274495942081924,0.0035238547565461333,2,0.03891954062242685,0.3833491802215576,1.6007963418960571
412,8.24,0.12002568006227222,47.224882712521676,False,False,0.5743720366573491,0.003324555248570685,1,0.08199718009989304,0.3404548764228821,1.565922498703003
413,8.26,0.11717930345239466,47.34206201597407,False,False,0.599051732131506,0.0029871549843794236,2,0.10785432555162823,0.3500317633152008,1.499478816986084
414,8.28,0.12018965994398967,47.46225167591806,False,False,0.8540920065419747,0.0028767014798122695,2,0.057648733978435854,0.3654758334159851,1.5823562145233154
415,8.3,0.11942393680321746,47.58167561272128,False,False,0.8538628696320982,0.0024229311355646803,2,0.021377863743854364,0.3752466142177582,1.6135046482086182
416,8.32,0.11774382881782668,47.699419441539106,False,False,0.6280729981118315,0.0019990707693433524,2,0.011029115356575057,0.3626975417137146,1.6767035722732544
417,8.34,0.11539522622168868,47.81481466776079,False,False,0.4897892420813675,0.002256242108579838,2,0.01142717365690925,0.36446261405944824,1.6859097480773926
418,8.36,0.11611867291507041,47.930933340675864,False,False,0.6743467254428198,0.0029460159020120343,2,0.026064459485665332,0.4629178047180176,1.6865568161010742
419,8.38,0.11939867410173598,48.0503320147776,False,False,0.5781073085557258,0.0030763711030386085,1,0.08076211884541934,0.4224470257759094,1.689640760421753
420,8.4,0.1184088142796942,48.1687408290573,False,False,0.3238513094526778,0.0016622494721598385,1,0.15280353873337063,0.34915822744369507,1.6133849620819092
421,8.42,0.11493572614894768,48.28367655520625,False,False,0.6818494041843662,0.0015538441059219329,1,0.18755422833079977,0.40169093012809753,1.5254554748535156
422,8.44,0.11507766227167009,48.39875421747792,False,False,2.033746807092605,0.0040060041430334745,2,0.1312518817167202,0.4746617376804352,1.6179548501968384
423,8.46,0.1137341662364431,48.51248838371436,False,False,2.7169253307751626,0.0052475216455718865,1,0.11071332907533069,0.36785888671875,1.66744863986969
424,8.48,0.10998243903767534,48.622470822752035,False,False,2.6115700019813017,0.006143729058793903,2,0.05925144765634675,0.3088586628437042,1.6308666467666626
425,8.5,0.11126365752427987,48.73373448027632,False,False,2.4772548668269634,0.005811770160952421,1,0.03203598051029556,0.2946946322917938,1.6680413484573364
426,8.52,0.1097676529229191,48.84350213319924,False,False,1.9426947627619682,0.004787254162510863,2,0.018534061315257033,0.29565051198005676,1.5769928693771362
427,8.540000000000001,0.11030692049551821,48.953809053694755,False,False,1.4170649578254582,0.003685005581119852,2,0.02150130172134277,0.3859623074531555,1.479637622833252
428,8.56,0.11383423132421779,49.067643285018974,False,False,1.1914046324681435,0.0034272525241357014,2,0.05743751866161133,0.3570857346057892,1.4877663850784302
429,8.58,0.11650641467656633,49.18414969969554,False,False,1.1811774302882985,0.004330860817172038,1,0.11582815624480897,0.30164530873298645,1.5142595767974854
430,8.6,0.1178881203798405,49.30203782007538,False,False,1.4312181419781185,0.006433566834483503,1,0.14567757227500275,0.34999147057533264,1.559792160987854
431,8.620000000000001,0.11723511324393794,49.41927293331931,False,False,1.9258992682204183,0.008075132722032138,2,0.07636815367663051,0.3533603847026825,1.6557146310806274
432,8.64,0.11095662562381418,49.53022955894313,False,False,2.093308715973658,0.008312946153910252,2,0.033953775734647154,0.33832836151123047,1.6848766803741455
433,8.66,0.10851243591345978,49.63874199485659,False,False,1.7792728456504128,0.007903033744235271,2,0.018831454512413418,0.32477623224258423,1.7218835353851318
434,8.68,0.11015606055357391,49.74889805541016,False,False,1.3029621930297808,0.00677700318713759,2,0.03260850267852258,0.3399251401424408,1.7141605615615845
435,8.700000000000001,0.11671461428973443,49.86561266969989,False,False,0.8835953789500441,0.005429154841308274,2,0.0219141827047515,0.3474457561969757,1.6140258312225342
436,8.72,0.1196945193480934,49.98530718904799,False,False,0.6575990921694785,0.004554011663819016,2,0.014350529020325934,0.3734842836856842,1.5489155054092407
437,8.74,0.12008517275554838,50.10539236180354,False,False,0.5200177843831438,0.004077854115311115,2,0.05557753227848196,0.3397527039051056,1.5204514265060425
438,8.76,0.11820869320308082,50.22360105500662,False,False,0.5619739576765858,0.003947825509196401,1,0.09872634522681623,0.34667783975601196,1.4698561429977417
439,8.78,0.11921505835044727,50.34281611335707,False,False,0.9501812500779406,0.004196151434439626,2,0.06070848533576937,0.3521934151649475,1.5570924282073975
440,8.8,0.11940483334957902,50.462220946706644,False,False,1.2090132004843523,0.003929802521148469,2,0.02901249227294934,0.3388034403324127,1.5844374895095825
441,8.82,0.11934150140528094,50.581562448111924,False,False,1.0590633959652553,0.0033064177397832562,2,0.0088939385043036,0.35527268052101135,1.615118145942688
442,8.84,0.11678145890341965,50.69834390701534,False,False,0.5924829250445675,0.002578850223822657,2,0.010008808603648642,0.35609546303749084,1.614195704460144
443,8.86,0.10970643238486,50.808050339400204,False,False,0.12194656246489412,0.0021865736351449686,2,0.008988565014147114,0.36751073598861694,1.5516138076782227
444,8.88,0.11169498812493953,50.91974532752514,False,False,0.11534989781745353,0.0022378930262865393,2,0.04334919781511281,0.42044809460639954,1.5145386457443237
445,8.9,0.11583550529920554,51.035580832824344,False,False,0.26906917401866154,0.0020514547864641597,1,0.10389668531569718,0.35619550943374634,1.4891784191131592
446,8.92,0.11513234467007645,51.15071317749442,False,False,0.7551106598100953,0.002360916688167442,1,0.13150802347496648,0.38081496953964233,1.3904212713241577
447,8.94,0.11733669919700641,51.26804987669142,False,False,1.8910334311453394,0.0032735189144552273,2,0.08421868130168528,0.41014084219932556,1.480660319328308
448,8.96,0.1164979558763881,51.38454783256781,False,False,2.2520323592809985,0.003772965323383834,1,0.06486613535890774,0.34119659662246704,1.4925187826156616
449,8.98,0.11823120558597637,51.50277903815379,False,False,2.133316441633566,0.003742008231939418,1,0.02889131893279694,0.33873698115348816,1.4953972101211548
450,9.0,0.11483548105127497,51.61761451920506,False,False,1.8965105558308761,0.0029793471293830063,1,0.008385047155408892,0.3212897479534149,1.5166304111480713
451,9.02,0.11353191645670994,51.73114643566177,False,False,1.3823931667891733,0.0020146050519842225,2,0.007065650069896061,0.35414737462997437,1.375409483909607
452,9.040000000000001,0.1152355764038497,51.84638201206562,False,False,0.953675789403152,0.0012601138826619541,2,0.026959220459650077,0.37936678528785706,1.271676778793335
453,9.06,0.1200469601759204,51.96642897224154,False,False,0.6394963672631374,0.0008339019025779289,1,0.07276614899979951,0.36387816071510315,1.321498990058899
454,9.08,0.11890963145898133,52.08533860370052,False,False,0.5070628397564944,0.0018104741274786872,1,0.11520564753444204,0.3206687271595001,1.3170592784881592
455,9.1,0.11428635941631345,52.19962496311683,False,False,1.0848030139182205,0.0036618837487893416,2,0.10968340414941193,0.3592328429222107,1.3880891799926758
456,9.120000000000001,0.11878648230232348,52.31841144541916,False,False,1.5296950365133615,0.004620051044123196,2,0.05617063664642413,0.33386853337287903,1.41065514087677
457,9.14,0.11883035568964279,52.437241801108804,False,False,1.5201987536074426,0.004571424149954017,2,0.026943200480002878,0.330887109041214,1.4398366212844849
458,9.16,0.11622318571681299,52.55346498682562,False,False,1.2262094272346291,0.0038508346276052005,2,0.015453336276178979,0.33253100514411926,1.4907981157302856
459,9.18,0.11075587754359283,52.66422086436921,False,False,0.8460352933990731,0.0027526507436835754,2,0.01846759061617619,0.3074621558189392,1.4371737241744995
460,9.200000000000001,0.1127352323349704,52.77695609670418,False,False,0.4877876309017727,0.00200481142616194,2,0.012551408795524275,0.3854601979255676,1.3610351085662842
461,9.22,0.1194207582506977,52.89637685495488,False,False,0.489389574759735,0.0019918109040699683,2,0.051779760998755836,0.36944904923439026,1.3878848552703857
462,9.24,0.11922617345570528,53.01560302841059,False,False,0.5399548242478833,0.0024433991419991613,1,0.11325877615218373,0.3063933253288269,1.4002121686935425
463,9.26,0.11357315498289937,53.12917618339349,False,False,0.7908052010618044,0.003885144618783329,1,0.14839348169296637,0.35402196645736694,1.3720154762268066
464,9.28,0.11316329523539452,53.242339478628885,False,False,1.8211268337174191,0.005834515762939277,2,0.11097963143047121,0.40445688366889954,1.4928061962127686
465,9.3,0.11486890218519852,53.357208380814086,False,False,2.5396780383187,0.006602846171707638,1,0.07997549713677554,0.3398301899433136,1.547039270401001
466,9.32,0.11111071510364406,53.46831909591773,False,False,2.4371882954431654,0.007099213641329527,2,0.03213422085643901,0.30865126848220825,1.5365229845046997
467,9.34,0.11016640995044645,53.57848550586817,False,False,2.1883854319283684,0.006395264578457542,1,0.013771893673923319,0.29343897104263306,1.573284387588501
468,9.36,0.1091957241226316,53.6876812299908,False,False,1.4920031733669064,0.005021378727414963,2,0.03734407474091572,0.29155081510543823,1.5493775606155396
469,9.38,0.11239853560967505,53.80007976560048,False,False,0.7281992928865445,0.003376126211657573,2,0.018874583414462597,0.34651392698287964,1.4687309265136719
470,9.4,0.11697518641815843,53.91705495201864,False,False,0.362076891766538,0.002543707563637457,2,0.030187737301541288,0.35224443674087524,1.4392815828323364
471,9.42,0.11893447505224686,54.03598942707089,False,False,0.471883772669372,0.002724692356323782,1,0.06443816864080017,0.2951023578643799,1.437119483947754
472,9.44,0.11632507092442046,54.152314497995306,False,False,0.948119622661868,0.003534398573450382,2,0.07343656971176465,0.31740811467170715,1.4705722332000732
473,9.46,0.11907855344506091,54.27139305144037,False,False,1.1653326251333855,0.004312244586123051,2,0.04574287668285276,0.3286227881908417,1.5515143871307373
474,9.48,0.11866036550083152,54.3900534169412,False,False,1.14568821766392,0.004146699813591195,2,0.01608754205389493,0.34660354256629944,1.602936863899231
475,9.5,0.11296230021285443,54.50301571715406,False,False,0.9448116626591775,0.003122528025700566,2,0.03044785749960666,0.34205612540245056,1.671970248222351
476,9.52,0.10827372522821453,54.61128944238227,False,False,0.7506924269462467,0.002069426829559029,2,0.03398903637812464,0.3322405517101288,1.6553844213485718
477,9.540000000000001,0.11080555887209147,54.72209500125437,False,False,0.7228050779741717,0.0021182217739223372,2,0.02725419269823257,0.43638846278190613,1.643145203590393
478,9.56,0.11544640726285874,54.837541408517225,False,False,0.6901215621218306,0.0022137179870852105,1,0.07008626384370589,0.38822001218795776,1.6493597030639648
479,9.58,0.114995613106003,54.95253702162323,False,False,0.7010923227094712,0.002591309087897113,1,0.11430616581667497,0.342507541179657,1.5928324460983276
480,9.6,0.11890282920101126,55.07143985082424,False,False,1.2642395113432734,0.003954332100808616,2,0.09394337289858178,0.3887929618358612,1.6537764072418213
481,9.620000000000001,0.11358999238670979,55.18502984321095,False,False,1.6680047223782208,0.004531483728825135,2,0.046580430743480956,0.3565673828125,1.6487377882003784
482,9.64,0.11021453243735092,55.2952443756483,False,False,1.5008956272613205,0.0046726496944852185,2,0.02033992624854454,0.33165815472602844,1.655376672744751
483,9.66,0.11271357861456846,55.40795795426287,False,False,1.1134663655973023,0.004059887740527711,2,0.030825540791162877,0.36283931136131287,1.6639677286148071
484,9.68,0.11878401999133778,55.52674197425421,False,False,0.6286957838839439,0.0031814636963365226,2,0.030923787119224083,0.35963818430900574,1.5981415510177612
485,9.700000000000001,0.11513237763496684,55.64187435188917,False,False,0.316517857373121,0.0027014644229533145,2,0.003911566470465708,0.3936489522457123,1.5352526903152466
486,9.72,0.11699919049849646,55.75887354238767,False,False,0.23821110087806927,0.002237889316532384,2,0.043566160771879574,0.37668707966804504,1.522943139076233
487,9.74,0.11962053190936353,55.87849407429703,False,False,0.15701751249847418,0.001151835667578225,1,0.0886889809348428,0.35342273116111755,1.485695719718933
488,9.76,0.11796863110223405,55.99646270539927,False,False,0.4365592688564442,0.0007812502032304812,2,0.10829373642657636,0.34553855657577515,1.4748870134353638
489,9.78,0.11982672665241105,56.11628943205168,False,False,0.9084907749057022,0.002074170367122046,2,0.05954083555602915,0.34987038373947144,1.5460724830627441
490,9.8,0.11954220872781916,56.2358316407795,False,False,1.1693557890228743,0.0022595201094923116,2,0.030613141691948634,0.3516632914543152,1.5682345628738403
491,9.82,0.1179433044642623,56.353774945243764,False,False,1.082093856355563,0.0020746422882895687,1,0.019818640163351692,0.3399711549282074,1.5825226306915283
492,9.84,0.11221714079096547,56.46599208603473,False,False,0.7268544919824526,0.0020099917951718047,2,0.009005585290396361,0.323934942483902,1.5450464487075806
493,9.86,0.11154168668615959,56.57753377272089,False,False,0.5633649956455774,0.002548832596161481,2,0.00578653223276463,0.40222492814064026,1.477108120918274
494,9.88,0.11894758895299824,56.69648136167389,False,False,0.6635235939053725,0.0030944455206237,2,0.05031135080011056,0.4010780155658722,1.4441871643066406
495,9.9,0.11994307406230321,56.816424435736195,False,False,0.6829963477564674,0.0029230385599978417,1,0.11555227082663853,0.3409664034843445,1.4535930156707764
496,9.92,0.1150671204467951,56.93149155618299,False,False,0.6691032853862068,0.00295965912663826,1,0.1653286183184489,0.3336222469806671,1.4092090129852295
497,9.94,0.109759121856569,57.04125067803956,False,False,1.364296814984601,0.0045718958428894165,1,0.15069697744516414,0.4305020868778229,1.522849202156067
498,9.96,0.11630854535446687,57.157559223394024,False,False,2.7429534821468584,0.005532833120176731,1,0.10177335275093706,0.3897620141506195,1.5905632972717285
499,9.98,0.1077099123352739,57.2652691357293,False,False,2.9077778141447395,0.0063891950405129206,1,0.07685148560125268,0.31218406558036804,1.623188853263855
500,10.0,0.10955228639202756,57.37482142212133,False,True,2.6147908853691355,0.006417060857184938,1,0.029330077230907314,0.3067901134490967,1.6366389989852905
