phase,env_steps,steps,seconds,mean_reward,mean_raw_return,returns,lengths,optimizer_steps,mean_loss,policy_loss,value_loss,entropy,approximate_kl,clip_fraction,explained_variance
episodes,332,,,,517.6062139235437,[517.6062139235437],[83],,,,,,,,
collection,512,512,0.31606679095420986,7.170955351881275,,,,,,,,,,,
update,512,512,1.098719291971065,,,,,8,964.7162933349609,0.05632817558944225,964.6599655151367,-29.22648024559021,0.5332980752573349,0.7216796875,0.0012020504251625264
episodes,528,,,,883.4328009858727,[883.4328009858727],[132],,,,,,,,
episodes,668,,,,529.9967218413949,[529.9967218413949],[84],,,,,,,,
collection,1024,512,0.37041633296757936,7.386577596000279,,,,,,,,,,,
update,1024,512,0.06871204194612801,,,,,8,1008.6802749633789,0.2919324995018542,1008.3883361816406,-29.22634506225586,0.6185738786589354,0.794921875,0.001764955938348689
episodes,1476,,,,2692.385016068816,[2692.385016068816],[369],,,,,,,,
collection,1536,512,0.2997259999392554,7.293503548222361,,,,,,,,,,,
update,1536,512,0.0697839999338612,,,,,8,1000.7546463012695,0.0752551332116127,1000.6793823242188,-29.226263523101807,0.22103573818458244,0.7294921875,0.00026738349674115813
episodes,1864,,,,658.3187635801733,[658.3187635801733],[97],,,,,,,,
collection,2048,512,0.29627295793034136,7.277182006910152,,,,,,,,,,,
update,2048,512,0.05710424995049834,,,,,8,981.978630065918,0.03507988480851054,981.9435577392578,-29.226269960403442,0.11384357954375446,0.662109375,0.0027751935124272764
episodes,2244,,,,3067.6234768033028,[3067.6234768033028],[429],,,,,,,,
episodes,2444,,,,1007.4152175784111,[1007.4152175784111],[145],,,,,,,,
episodes,2476,,,,3257.5188343822956,[3257.5188343822956],[452],,,,,,,,
collection,2560,512,0.3123488751007244,6.676968903804664,,,,,,,,,,,
update,2560,512,0.06391520891338587,,,,,8,846.8048324584961,0.03143355355132371,846.7733993530273,-29.226109981536865,0.24653239332837984,0.6015625,0.006692747611677041
episodes,2696,,,,387.60502576828003,[387.60502576828003],[63],,,,,,,,
episodes,2764,,,,5044.1433919891715,[5044.1433919891715],[691],,,,,,,,
episodes,3056,,,,1400.0522658228874,[1400.0522658228874],[203],,,,,,,,
collection,3072,512,0.33604170801118016,6.953088407564792,,,,,,,,,,,
update,3072,512,0.059982625069096684,,,,,8,895.6957321166992,0.03325742052402347,895.6624755859375,-29.22586488723755,0.18031101510860026,0.5703125,0.00774574965236885
episodes,3112,,,,703.1294612884521,[703.1294612884521],[104],,,,,,,,
episodes,3244,,,,1357.8722298145294,[1357.8722298145294],[192],,,,,,,,
episodes,3584,,,,880.8307718336582,[880.8307718336582],[132],,,,,,,,
collection,3584,512,0.31304379098583013,6.965926931530703,,,,,,,,,,,
update,3584,512,0.07807550008874387,,,,,8,943.9765167236328,0.05119663034565747,943.9253234863281,-29.225443601608276,0.2365887473570183,0.6103515625,0.004094887700876293
episodes,3892,,,,1101.483061939478,[1101.483061939478],[162],,,,,,,,
collection,4096,512,0.3760071250144392,7.3476800111238845,,,,,,,,,,,
update,4096,512,0.0649768749717623,,,,,8,996.367790222168,0.023278081323951483,996.3445129394531,-29.224897861480713,0.07622902793809772,0.5732421875,0.00736670148839913
collection,4608,512,0.2895851250505075,7.431512758135796,,,,,,,,,,,
update,4608,512,0.08379795798100531,,,,,8,1044.7202377319336,0.019503980642184615,1044.7007217407227,-29.224507570266724,0.027079355088062584,0.572265625,0.0009635696370101643
episodes,4660,,,,1335.2006618380547,[1335.2006618380547],[192],,,,,,,,
episodes,4856,,,,3689.710672736168,[3689.710672736168],[523],,,,,,,,
collection,5120,512,0.2798062920337543,6.787106102448888,,,,,,,,,,,
update,5120,512,0.06950725009664893,,,,,8,919.9303436279297,0.02131748606916517,919.9090270996094,-29.2241153717041,0.1035533266258426,0.515625,0.021496508299714945
episodes,5584,,,,4498.987902767956,[4498.987902767956],[618],,,,,,,,
collection,5632,512,0.2846626250538975,7.169881161549711,,,,,,,,,,,
update,5632,512,0.06497329100966454,,,,,8,983.1385650634766,0.16291268332861364,982.9756393432617,-29.22381901741028,0.10243994963821024,0.4873046875,0.012928762104137514
episodes,6112,,,,4549.812572836876,[4549.812572836876],[632],,,,,,,,
collection,6144,512,0.25339791690930724,7.182593513978645,,,,,,,,,,,
update,6144,512,0.052578958915546536,,,,,8,995.8040008544922,0.011624639853835106,995.7923812866211,-29.223613262176514,0.04619097273098305,0.4521484375,0.015390858788055684
episodes,6600,,,,3506.6022260794416,[3506.6022260794416],[485],,,,,,,,
collection,6656,512,0.2480429579736665,7.206533988590309,,,,,,,,,,,
update,6656,512,0.05070875003002584,,,,,8,982.7453308105469,0.011001628125086427,982.7343292236328,-29.223336935043335,0.0433294169488363,0.46484375,0.015670086435447095
episodes,6804,,,,3466.01263320446,[3466.01263320446],[487],,,,,,,,
collection,7168,512,0.2641507500084117,7.166258509969339,,,,,,,,,,,
update,7168,512,0.05588137498125434,,,,,8,977.2112503051758,0.014026874909177423,977.1972427368164,-29.223140716552734,0.0759592573158443,0.494140625,0.010639489942406821
episodes,7340,,,,2180.342625617981,[2180.342625617981],[307],,,,,,,,
episodes,7580,,,,1360.2968299686909,[1360.2968299686909],[194],,,,,,,,
collection,7680,512,0.26331454201135784,7.004233815299813,,,,,,,,,,,
update,7680,512,0.053285624948330224,,,,,8,925.7171936035156,0.017705357866361737,925.6994857788086,-29.22306251525879,0.07679170405026525,0.5166015625,0.02166253067678836
episodes,7860,,,,4091.05946290493,[4091.05946290493],[569],,,,,,,,
episodes,8072,,,,318.19003999233246,[318.19003999233246],[53],,,,,,,,
episodes,8160,,,,1420.2866934537888,[1420.2866934537888],[205],,,,,,,,
collection,8192,512,0.27412037493195385,6.971126467222348,,,,,,,,,,,
update,8192,512,0.05648812500294298,,,,,8,894.9733657836914,0.02489037939812988,894.948486328125,-29.22313952445984,0.04402039526030421,0.46484375,0.014919141336970032
collection,8704,512,0.25352999998722225,7.612690938170999,,,,,,,,,,,
update,8704,512,0.05489825003314763,,,,,8,1068.878433227539,0.01596403308212757,1068.8624420166016,-29.223093032836914,0.03998066863277927,0.5791015625,0.005111752075022347
episodes,8732,,,,1119.2041226625443,[1119.2041226625443],[165],,,,,,,,
collection,9216,512,0.2475799999665469,7.717014510883018,,,,,,,,,,,
update,9216,512,0.05296483403071761,,,,,8,1088.3322372436523,0.011377915972843766,1088.3208618164062,-29.22298502922058,0.03460209642071277,0.4921875,-0.005282076382602474
collection,9728,512,0.2633510419400409,7.827766232192516,,,,,,,,,,,
update,9728,512,0.05403691693209112,,,,,8,1100.2869873046875,0.0054433392360806465,1100.2815551757812,-29.222808361053467,0.0219335030997172,0.484375,-0.022267743910531657
episodes,9892,,,,4201.323202919215,[4201.323202919215],[578],,,,,,,,
episodes,10208,,,,495.3336375951767,[495.3336375951767],[79],,,,,,,,
collection,10240,512,0.2720868330216035,7.35475113652501,,,,,,,,,,,
update,10240,512,0.05336837493814528,,,,,8,977.4009552001953,0.0007348970975726843,977.4002151489258,-29.22257685661316,0.08371344825718552,0.44921875,0.0022070947213529424
episodes,10300,,,,3891.135826945305,[3891.135826945305],[535],,,,,,,,
episodes,10600,,,,8253.515214443207,[8253.515214443207],[1000],,,,,,,,
collection,10752,512,0.2611182500841096,7.42141390661709,,,,,,,,,,,
update,10752,512,0.05510399991180748,,,,,8,995.3512649536133,0.002360028214752674,995.3489074707031,-29.222419500350952,0.04521357058547437,0.423828125,0.007641471274138167
episodes,10900,,,,490.5250295251608,[490.5250295251608],[75],,,,,,,,
episodes,11144,,,,351.1258000135422,[351.1258000135422],[61],,,,,,,,
episodes,11192,,,,4473.199627399445,[4473.199627399445],[615],,,,,,,,
collection,11264,512,0.2782887499779463,6.956129956495715,,,,,,,,,,,
update,11264,512,0.055388833046890795,,,,,8,885.3273544311523,0.004704986233264208,885.3226470947266,-29.2223482131958,0.033466026303358376,0.4287109375,0.035313439301274396
episodes,11760,,,,2350.5379354022443,[2350.5379354022443],[365],,,,,,,,
collection,11776,512,0.27070087497122586,6.653339993492409,,,,,,,,,,,
update,11776,512,0.061760625103488564,,,,,8,899.6181793212891,0.012795941205695271,899.6053848266602,-29.222299575805664,0.047792866826057434,0.4140625,0.02933441956491656
episodes,11972,,,,1459.9243925213814,[1459.9243925213814],[207],,,,,,,,
episodes,12288,,,,489.89950229227543,[489.89950229227543],[79],,,,,,,,
collection,12288,512,0.25757699995301664,7.154918304324383,,,,,,,,,,,
update,12288,512,0.06309295806568116,,,,,8,961.0175704956055,-0.0041681628208607435,961.0217361450195,-29.222331523895264,0.023157726624049246,0.380859375,0.0323555693784241
episodes,12424,,,,4001.557125799358,[4001.557125799358],[554],,,,,,,,
episodes,12616,,,,2594.153925381601,[2594.153925381601],[356],,,,,,,,
collection,12800,512,0.25664908392354846,7.12397351526306,,,,,,,,,,,
update,12800,512,0.053371084039099514,,,,,8,929.3717422485352,0.005855577648617327,929.3658905029297,-29.222477197647095,0.055126605613622814,0.4580078125,0.0020847794607409265
collection,13312,512,0.23404654196929187,7.426218053646153,,,,,,,,,,,
update,13312,512,0.05377650004811585,,,,,8,1034.9048614501953,-0.002337642014026642,1034.9071884155273,-29.22248339653015,0.01943134516477585,0.412109375,0.007412195338196592
episodes,13328,,,,1238.2566973417997,[1238.2566973417997],[178],,,,,,,,
collection,13824,512,0.24758341698907316,7.244571551302215,,,,,,,,,,,
update,13824,512,0.05714258295483887,,,,,8,1009.3365097045898,0.004597191116772592,1009.3319091796875,-29.22253155708313,0.021129110304173082,0.3408203125,0.02939955718331122
episodes,13832,,,,835.5826137512922,[835.5826137512922],[126],,,,,,,,
episodes,14304,,,,3360.761603757739,[3360.761603757739],[470],,,,,,,,
episodes,14328,,,,841.267954364419,[841.267954364419],[124],,,,,,,,
collection,14336,512,0.2704084999859333,7.109062122064643,,,,,,,,,,,
update,14336,512,0.05047787504736334,,,,,8,974.358772277832,0.011775129707530141,974.3469848632812,-29.22245454788208,0.029629281139932573,0.4130859375,0.022050161265536605
collection,14848,512,0.2493396250065416,7.697780673392117,,,,,,,,,,,
update,14848,512,0.050838458933867514,,,,,8,1077.1788330078125,0.005756733473390341,1077.1730728149414,-29.222473621368408,0.010967736190650612,0.41796875,-0.02826859578088725
episodes,15108,,,,1414.6749472022057,[1414.6749472022057],[201],,,,,,,,
collection,15360,512,0.22891945799347013,7.718024472589605,,,,,,,,,,,
update,15360,512,0.05011200008448213,,,,,8,1050.9413986206055,0.010682007879950106,1050.9307403564453,-29.22251558303833,0.03285006299847737,0.4560546875,-0.004290576085860476
episodes,15760,,,,7584.971932888031,[7584.971932888031],[1000],,,,,,,,
collection,15872,512,0.2488666659919545,8.068697452545166,,,,,,,,,,,
update,15872,512,0.05106574995443225,,,,,8,1102.3266143798828,0.0025177299976348877,1102.3240966796875,-29.222578763961792,0.013833362550940365,0.474609375,-0.033025770676844646
episodes,16064,,,,1712.5724073648453,[1712.5724073648453],[239],,,,,,,,
episodes,16232,,,,819.8384333848953,[819.8384333848953],[118],,,,,,,,
episodes,16288,,,,8232.567471981049,[8232.567471981049],[1000],,,,,,,,
episodes,16308,,,,373.3281148225069,[373.3281148225069],[61],,,,,,,,
collection,16384,512,0.26753824995830655,7.40507967598387,,,,,,,,,,,
update,16384,512,0.053550041979178786,,,,,8,901.3285903930664,-0.000357468263246119,901.3289489746094,-29.222583055496216,0.052884987904690206,0.3291015625,0.02504100612897464
episodes,16544,,,,396.5284111201763,[396.5284111201763],[64],,,,,,,,
episodes,16560,,,,364.414091642946,[364.414091642946],[63],,,,,,,,
collection,16896,512,0.25459562498144805,7.479691876615107,,,,,,,,,,,
update,16896,512,0.05165829206816852,,,,,8,973.3857803344727,-0.006614867597818375,973.3924102783203,-29.22265100479126,0.028596652438864112,0.3662109375,0.019096274344021502
episodes,17184,,,,1727.924709200859,[1727.924709200859],[238],,,,,,,,
episodes,17232,,,,1189.3660154938698,[1189.3660154938698],[172],,,,,,,,
collection,17408,512,0.26735091593582183,7.472842069226317,,,,,,,,,,,
update,17408,512,0.05307241703849286,,,,,8,967.1974868774414,0.0034366807667538524,967.1940536499023,-29.22270131111145,0.03145017771748826,0.439453125,-0.0024205756895248065
collection,17920,512,0.2563473329646513,7.751229486428201,,,,,,,,,,,
update,17920,512,0.05348579096607864,,,,,8,1080.9890594482422,0.004632494645193219,1080.9844055175781,-29.222947359085083,0.01174673717468977,0.4208984375,-0.03636191186862803
episodes,18128,,,,2843.7426492273808,[2843.7426492273808],[392],,,,,,,,
episodes,18252,,,,1703.4113181866705,[1703.4113181866705],[255],,,,,,,,
episodes,18328,,,,8219.00439786911,[8219.00439786911],[1000],,,,,,,,
collection,18432,512,0.26495662494562566,7.244399217022874,,,,,,,,,,,
update,18432,512,0.05549383396282792,,,,,8,895.0764236450195,0.013149128528311849,895.0632705688477,-29.223215103149414,0.060127595730591565,0.443359375,0.015535992471802373
episodes,18644,,,,520.3900049328804,[520.3900049328804],[79],,,,,,,,
episodes,18800,,,,1157.8503326177597,[1157.8503326177597],[168],,,,,,,,
episodes,18896,,,,3091.378298461437,[3091.378298461437],[428],,,,,,,,
collection,18944,512,0.30742916697636247,6.947714589303359,,,,,,,,,,,
update,18944,512,0.05531154095660895,,,,,8,877.5849151611328,0.014227382373064756,877.5707015991211,-29.223380088806152,0.04740393493557349,0.46484375,0.07494985131377008
episodes,19172,,,,601.7992705106735,[601.7992705106735],[93],,,,,,,,
episodes,19352,,,,770.2581013552845,[770.2581013552845],[114],,,,,,,,
collection,19456,512,0.2476711249910295,7.156748878325743,,,,,,,,,,,
update,19456,512,0.055044666049070656,,,,,8,928.4268493652344,0.007502897293306887,928.4193420410156,-29.22348713874817,0.029772951966151595,0.4013671875,0.030923968592762363
episodes,19624,,,,442.6748707741499,[442.6748707741499],[68],,,,,,,,
collection,19968,512,0.24876062502153218,7.34766966997995,,,,,,,,,,,
update,19968,512,0.06535049993544817,,,,,8,986.9164657592773,0.014270340790972114,986.9021987915039,-29.223429441452026,0.01858683320460841,0.423828125,0.023539799283471607
collection,20480,512,0.26733099995180964,7.714124710299075,,,,,,,,,,,
update,20480,512,0.060211541946046054,,,,,8,1082.5607147216797,0.002903623040765524,1082.5578155517578,-29.223389387130737,0.010130143607966602,0.3935546875,-0.006319439475911182
episodes,20568,,,,1684.9377792924643,[1684.9377792924643],[236],,,,,,,,
episodes,20728,,,,3741.4014576673508,[3741.4014576673508],[521],,,,,,,,
collection,20992,512,0.2968938749982044,7.323172987875296,,,,,,,,,,,
update,20992,512,0.060194917023181915,,,,,8,969.6758880615234,-0.0009649987332522869,969.6768569946289,-29.223523378372192,0.019316979218274355,0.31640625,-0.003921341818556634
episodes,21216,,,,1112.2327869916335,[1112.2327869916335],[162],,,,,,,,
episodes,21224,,,,837.5480450540781,[837.5480450540781],[124],,,,,,,,
collection,21504,512,0.2810492080170661,7.300803343345251,,,,,,,,,,,
update,21504,512,0.0560851669870317,,,,,8,934.5677032470703,-0.0008885562419891357,934.5685882568359,-29.223570108413696,0.030990879866294563,0.384765625,0.03288347671962222
episodes,21520,,,,473.0933870971203,[473.0933870971203],[74],,,,,,,,
episodes,21740,,,,334.35523027181625,[334.35523027181625],[55],,,,,,,,
collection,22016,512,0.2869668749626726,7.619705090997741,,,,,,,,,,,
update,22016,512,0.055242415983229876,,,,,8,1027.9501647949219,0.005663885560352355,1027.9445037841797,-29.223519563674927,0.028753139020409435,0.404296875,-0.007358276931096475
episodes,22188,,,,743.9464546740055,[743.9464546740055],[112],,,,,,,,
episodes,22252,,,,8180.117622375488,[8180.117622375488],[1000],,,,,,,,
episodes,22488,,,,346.81135168112814,[346.81135168112814],[59],,,,,,,,
collection,22528,512,0.28060954192187637,7.424959248037339,,,,,,,,,,,
update,22528,512,0.05833212495781481,,,,,8,937.7284927368164,-0.0012529799714684486,937.7297515869141,-29.22333812713623,0.02900864847470075,0.3603515625,0.051886976265331675
episodes,22756,,,,417.44478088710457,[417.44478088710457],[67],,,,,,,,
collection,23040,512,0.294115333002992,7.629358375563243,,,,,,,,,,,
update,23040,512,0.0552636660868302,,,,,8,1025.7361297607422,0.004416726296767592,1025.7317199707031,-29.223170518875122,0.011122078751213849,0.3369140625,-0.011820174851577603
episodes,23172,,,,7744.207623004913,[7744.207623004913],[1000],,,,,,,,
episodes,23296,,,,2003.5667117238045,[2003.5667117238045],[277],,,,,,,,
episodes,23472,,,,485.8039239048958,[485.8039239048958],[75],,,,,,,,
collection,23552,512,0.2881308749783784,7.299852680647746,,,,,,,,,,,
update,23552,512,0.06903991696890444,,,,,8,903.2545394897461,-0.00819024769589305,903.2627334594727,-29.223177194595337,0.022230868169572204,0.3193359375,0.057488047544896226
episodes,24000,,,,5078.449976861477,[5078.449976861477],[696],,,,,,,,
collection,24064,512,0.24157883296720684,7.227903531980701,,,,,,,,,,,
update,24064,512,0.053073582937940955,,,,,8,971.7250137329102,0.008217832306399941,971.716796875,-29.223193407058716,0.014778133016079664,0.3857421875,0.03734058642690574
episodes,24084,,,,1047.5521535873413,[1047.5521535873413],[153],,,,,,,,
collection,24576,512,0.2479014159180224,7.46430248930119,,,,,,,,,,,
update,24576,512,0.05647824995685369,,,,,8,1042.418312072754,-0.002085802610963583,1042.420394897461,-29.22328805923462,0.022370894206687808,0.3447265625,0.03989152783058081
collection,25088,512,0.24356299999635667,7.905129825696349,,,,,,,,,,,
update,25088,512,0.05243091704323888,,,,,8,1104.427017211914,-0.0033782009268179536,1104.430419921875,-29.223195791244507,0.007836970326025039,0.349609375,-0.04795904132377915
collection,25600,512,0.249472290975973,7.716846804134548,,,,,,,,,,,
update,25600,512,0.05153108399827033,,,,,8,1075.7076568603516,0.0032556639052927494,1075.7044067382812,-29.22313141822815,0.009614982700441033,0.380859375,-0.060602070591781354
episodes,25744,,,,3042.86008810997,[3042.86008810997],[415],,,,,,,,
collection,26112,512,0.26641537493560463,7.662457469385117,,,,,,,,,,,
update,26112,512,0.05723216698970646,,,,,8,1033.8418350219727,-0.002636766992509365,1033.8444747924805,-29.223000288009644,0.010282701521646231,0.3310546875,-0.044335249138451216
episodes,26416,,,,1188.2577163763344,[1188.2577163763344],[168],,,,,,,,
collection,26624,512,0.275962374988012,7.5966504033785895,,,,,,,,,,,
update,26624,512,0.05610179190989584,,,,,8,1014.9407730102539,0.005169473704881966,1014.9356079101562,-29.22299551963806,0.03338587307371199,0.443359375,-0.0011747418391243603
episodes,26756,,,,6659.4056052565575,"[5017.851408362389,8300.959802150726]","[689,1000]",,,,,,,,
collection,27136,512,0.2570137500297278,7.392591248964891,,,,,,,,,,,
update,27136,512,0.05434687505476177,,,,,8,963.6188354492188,0.0031300790142267942,963.6157073974609,-29.223056316375732,0.027338640589732677,0.3583984375,0.06681582066197678
episodes,27216,,,,1416.1125041246414,[1416.1125041246414],[200],,,,,,,,
episodes,27296,,,,7468.833161830902,[7468.833161830902],[1000],,,,,,,,
episodes,27456,,,,1245.4277266766876,[1245.4277266766876],[175],,,,,,,,
episodes,27500,,,,1303.105825126171,[1303.105825126171],[186],,,,,,,,
collection,27648,512,0.274283541017212,7.014282772765,,,,,,,,,,,
update,27648,512,0.05241687502712011,,,,,8,842.030029296875,-0.008247849065810442,842.0382843017578,-29.22306799888611,0.04322658950695768,0.404296875,0.08045946358007838
episodes,27700,,,,661.0863354355097,[661.0863354355097],[101],,,,,,,,
episodes,27724,,,,428.505081102252,[428.505081102252],[67],,,,,,,,
episodes,27836,,,,556.2384322062135,[556.2384322062135],[84],,,,,,,,
episodes,27984,,,,1363.9312825929374,[1363.9312825929374],[192],,,,,,,,
collection,28160,512,0.3471131669357419,6.999073913419124,,,,,,,,,,,
update,28160,512,0.08123070793226361,,,,,8,871.2324447631836,0.00038689933717250824,871.232063293457,-29.223032236099243,0.02427466190420091,0.36328125,0.10816898350059634
episodes,28276,,,,1015.0699835382402,[1015.0699835382402],[144],,,,,,,,
episodes,28592,,,,1071.4179044216871,[1071.4179044216871],[152],,,,,,,,
episodes,28660,,,,648.0301025765948,[648.0301025765948],[96],,,,,,,,
collection,28672,512,0.2883854580577463,7.1749850398764465,,,,,,,,,,,
update,28672,512,0.05943091702647507,,,,,8,925.5195465087891,-0.0043998900800943375,925.5239410400391,-29.22297978401184,0.011758005304727703,0.2998046875,0.08692490376184758
episodes,28952,,,,2249.788403324783,[2249.788403324783],[307],,,,,,,,
episodes,29068,,,,788.6726870462298,[788.6726870462298],[119],,,,,,,,
episodes,29108,,,,766.556987926364,[766.556987926364],[112],,,,,,,,
collection,29184,512,0.2805780410999432,6.976662672066595,,,,,,,,,,,
update,29184,512,0.056514999945648015,,,,,8,862.0807495117188,0.08353986986912787,861.9972076416016,-29.222981214523315,0.04308580845827237,0.3134765625,0.08702597658627209
episodes,29464,,,,2986.409069031477,[2986.409069031477],[407],,,,,,,,
episodes,29548,,,,1037.1474637389183,[1037.1474637389183],[149],,,,,,,,
collection,29696,512,0.26328462501987815,7.084678897459526,,,,,,,,,,,
update,29696,512,0.05602562497369945,,,,,8,906.1582183837891,-0.007029252592474222,906.1652374267578,-29.222992181777954,0.03167327312985435,0.2666015625,0.08937008132498558
episodes,29792,,,,1272.6963198184967,[1272.6963198184967],[181],,,,,,,,
episodes,30028,,,,966.2018319368362,[966.2018319368362],[141],,,,,,,,
episodes,30040,,,,825.9958251230419,[825.9958251230419],[123],,,,,,,,
collection,30208,512,0.27324412495363504,7.02039246205095,,,,,,,,,,,
update,30208,512,0.055186832905746996,,,,,8,874.5453796386719,7.09042651578784e-05,874.5453033447266,-29.223122596740723,0.02279209264088422,0.3330078125,0.11062075181555409
episodes,30300,,,,879.1069680005312,[879.1069680005312],[127],,,,,,,,
episodes,30388,,,,591.9234189093113,[591.9234189093113],[90],,,,,,,,
episodes,30400,,,,587.9718322753906,[587.9718322753906],[90],,,,,,,,
collection,30720,512,0.2701663749758154,6.999658776418073,,,,,,,,,,,
update,30720,512,0.05526054196525365,,,,,8,868.2234420776367,-0.004355858080089092,868.2277908325195,-29.223196983337402,0.020624065306037664,0.3798828125,0.11427278965562115
episodes,30788,,,,620.7362537831068,[620.7362537831068],[97],,,,,,,,
episodes,31052,,,,1229.648387555033,"[1150.274296373129,1309.022478736937]","[166,188]",,,,,,,,
collection,31232,512,0.2667943750275299,6.862812079125433,,,,,,,,,,,
update,31232,512,0.060798667022027075,,,,,8,867.6203002929688,-0.004130087443627417,867.6244277954102,-29.223244428634644,0.019573962956201285,0.337890625,0.09207816934475133
episodes,31464,,,,673.898826835677,[673.898826835677],[103],,,,,,,,
episodes,31528,,,,1297.0089087709785,[1297.0089087709785],[185],,,,,,,,
episodes,31544,,,,864.8479164838791,[864.8479164838791],[123],,,,,,,,
collection,31744,512,0.29019654204603285,7.037487253819563,,,,,,,,,,,
update,31744,512,0.06167466600891203,,,,,8,840.3998031616211,-0.005289335967972875,840.4050979614258,-29.223193883895874,0.01996135711669922,0.2890625,0.10868846357349193
episodes,31916,,,,600.7544899508357,[600.7544899508357],[93],,,,,,,,
episodes,31924,,,,646.0331346616149,[646.0331346616149],[99],,,,,,,,
collection,32256,512,0.27225970895960927,7.07947688785498,,,,,,,,,,,
update,32256,512,0.054619207978248596,,,,,8,906.0665435791016,0.001682861358858645,906.0648574829102,-29.22312593460083,0.024353898304980248,0.3310546875,0.1058377335685241
episodes,32388,,,,1676.2682124767452,[1676.2682124767452],[231],,,,,,,,
collection,32768,512,0.2678595839533955,7.420033663820504,,,,,,,,,,,
update,32768,512,0.05685354198794812,,,,,8,992.3935241699219,0.0017409028951078653,992.3917770385742,-29.223060131072998,0.011814007302746177,0.2978515625,0.05922189893301022
