t,x,y,z,strokeId,force,requested_down
0.02,0.1600811683557624,-0.00016452472587953724,0.22406040679254366,1,0.03732424426212482,False
0.04,0.16003544556604876,-0.0007605184121917473,0.2229121272783773,1,0.06542875034264561,True
0.18000000000000008,0.16014886842058068,-0.01627547294230369,0.2266342118308116,2,0.12070184257385642,True
0.2000000000000001,0.16022853229500675,-0.016295210033101807,0.22661303684427253,2,0.12130084219108858,True
0.2200000000000001,0.1602260927009693,-0.016269126414993916,0.22660233954717357,2,0.08911153952923118,True
0.24000000000000013,0.16018546202013373,-0.016187035866066103,0.22660820672345303,2,0.068517753175209,True
0.2600000000000001,0.16015535347887758,-0.015954790782259747,0.22672026102621062,2,0.05305847132341223,True
0.28000000000000014,0.16010223542987992,-0.015641218404290842,0.22700794801428617,2,0.03148038627485349,True
0.30000000000000016,0.1600452525640219,-0.015263253028971132,0.22748690859286244,2,0.013302965855209431,True
0.3200000000000002,0.16001003683708953,-0.014885928371841311,0.22802114511821803,2,0.01224325496735051,True
0.3400000000000002,0.16000036340304546,-0.014718987872582506,0.22824942281451682,2,0.007232797998214051,True
0.40000000000000024,0.1600017396802011,-0.01386426685489272,0.22928346216644227,3,0.013472544777838128,True
0.42000000000000026,0.16001913284884312,-0.013778224002176822,0.2293889450898723,3,0.011608787338280037,True
0.4400000000000003,0.16002843366145342,-0.013678847227132526,0.22952339677711583,3,0.024496247808554104,True
0.4600000000000003,0.16004871959987718,-0.013617737849524005,0.22965003161067646,3,0.022643063034568967,True
0.4800000000000003,0.16004289477663963,-0.013527921723227703,0.22983690402525025,3,0.014826392118869448,True
0.5000000000000003,0.1600459155637808,-0.013402057150920979,0.23009073305764044,3,0.026688021012713854,True
0.5200000000000004,0.16004663494958457,-0.013262595225708242,0.2302950860335619,3,0.02146111547255067,True
0.5400000000000004,0.16004121210900923,-0.013098751552459778,0.2305045877073357,3,0.020590827297425604,True
0.5600000000000004,0.16003011409405837,-0.012874380079163368,0.23069064375767465,3,0.010296035551755922,True
0.5800000000000004,0.16002322075062617,-0.012625231353270617,0.23085995042191812,3,0.014634649920225389,True
0.6000000000000004,0.1600292898158145,-0.01238405786849213,0.23098223238800702,3,0.018962766649690724,True
0.6200000000000004,0.16002992169435296,-0.012158146613549834,0.2310637917018713,3,0.013026230113482343,True
0.6400000000000005,0.16002270402668536,-0.011885623854849838,0.23114394070199043,3,0.021265265177417624,True
0.6600000000000005,0.1600357446766937,-0.011651349349300053,0.23122905876766683,3,0.019356174765510006,True
0.6800000000000005,0.1600305151928332,-0.011412756249541516,0.2312912903875038,3,0.019988234312894065,True
0.7000000000000005,0.1600367370541737,-0.011185418507470764,0.2313799684030184,3,0.01861442067683282,True
0.7200000000000005,0.16003836651095366,-0.010947586260472202,0.23146942261756695,3,0.022071575676593378,True
0.7400000000000005,0.16003833752743823,-0.01072286795123631,0.23155697120002594,3,0.01581205076997946,True
0.7600000000000006,0.16002617770687896,-0.010452271819620336,0.2316578800528001,3,0.022889949069121934,True
0.7800000000000006,0.16003853073859298,-0.010202723949221091,0.2317776297229084,3,0.02096711608085125,True
0.8000000000000006,0.16003355577030734,-0.00995867954316773,0.23186741512684705,3,0.016137856018381788,True
0.8200000000000006,0.1600332026948,-0.00971997602360528,0.23197920082494355,3,0.01853331574455514,True
0.8400000000000006,0.16002999582273703,-0.00945834299889495,0.2320856766881759,3,0.020599591770198006,True
0.8600000000000007,0.16003458922892616,-0.009230391490210243,0.23219128241516276,3,0.01672460773474302,True
0.8800000000000007,0.16002799216027083,-0.008971408851460288,0.23229045957759528,3,0.016223567678677678,True
0.9000000000000007,0.16002965748375012,-0.008731450583108338,0.2323990447859064,3,0.021400732635268923,True
0.9200000000000007,0.1600341377452997,-0.008478880831887078,0.2325004934513012,3,0.016487101024040083,True
0.9400000000000007,0.1600334338199966,-0.008256631322332085,0.23259365434644572,3,0.02191380062867637,True
0.9600000000000007,0.1600391628244116,-0.008018497357382026,0.2326945896294921,3,0.02141038803562931,True
0.9800000000000008,0.16004114401896666,-0.007789494164028889,0.232787895696849,3,0.022493423709402893,True
1.0000000000000007,0.16003703344665918,-0.00753355977770833,0.23287278885500146,3,0.015092814388168833,True
1.0200000000000002,0.16003667109372388,-0.007284876170326626,0.23295053146720013,3,0.02128011713614472,True
1.0399999999999998,0.16004688174072276,-0.007035820939281324,0.23300285684164015,3,0.026350479701874638,True
1.0599999999999994,0.16004949276597427,-0.006810877412010545,0.23301905675337867,3,0.020382499978034926,True
1.079999999999999,0.16003480727722313,-0.00653933480180647,0.23301674351051715,3,0.017614636040028477,True
1.0999999999999985,0.16003781451381877,-0.006257011216573705,0.23302861466884175,3,0.02465929798468006,True
1.119999999999998,0.1600434667144201,-0.0059968986293487455,0.23302188333516236,3,0.022772125448203707,True
1.1399999999999977,0.16004057136494135,-0.0057482894907535985,0.23299337166670409,3,0.01695784750105821,True
1.1599999999999973,0.16003483874659938,-0.005453480532006293,0.23295550328012699,3,0.017160137574643478,True
1.1799999999999968,0.16004047556448045,-0.005188644629612863,0.23293051767067427,3,0.02265378864825275,True
1.1999999999999964,0.16003787620255544,-0.004926640807848614,0.23288115285417843,3,0.016340112827827265,True
1.219999999999996,0.16004053591425574,-0.004668747650375656,0.23285262586185324,3,0.02218114159624703,True
1.2399999999999956,0.1600402561200458,-0.004400716399278959,0.23281564803513347,3,0.022006862687019776,True
1.2599999999999951,0.16004134420612223,-0.004142640073109097,0.23278664033949756,3,0.020711551290451775,True
1.2799999999999947,0.16003408839803798,-0.0038800376430504803,0.23275055006291825,3,0.01913508163867676,True
1.2999999999999943,0.16003189305799229,-0.0035905836531743493,0.23273180010988626,3,0.01857503280360572,True
1.3199999999999938,0.16003551269041005,-0.0033210957025758374,0.2327150434095034,3,0.020479093214661275,True
1.3399999999999934,0.1600317925994615,-0.003044516429519208,0.2326841595695336,3,0.017678275234466922,True
1.359999999999993,0.16003693045760603,-0.002790490681237104,0.2326655528197244,3,0.022163945369291244,True
1.3799999999999926,0.16004238827036313,-0.002533432940558019,0.23264104535919797,3,0.02701696295795854,True
1.3999999999999921,0.16005125375856702,-0.0022978758096192054,0.23262049467778448,3,0.024213157094402582,True
1.4199999999999917,0.16004360906009496,-0.0020426344852925316,0.23258183453928138,3,0.022034647970246537,True
1.4399999999999913,0.16004714794397207,-0.0017859274720191988,0.2325656913084979,3,0.023616445397494367,True
1.4599999999999909,0.16005077256000344,-0.0015164755120348921,0.23254597023972703,3,0.027495891750765836,True
1.4799999999999904,0.16005408494121115,-0.0012860941031862159,0.232523798402096,3,0.023429250482899025,True
1.49999999999999,0.16004530982440188,-0.0010077276743277617,0.23249420052919637,3,0.022261378926738205,True
1.5199999999999896,0.16004558496748642,-0.0007445640450946752,0.2324812610177639,3,0.02711225611554522,True
1.5399999999999892,0.160048033036744,-0.00046534326926884724,0.23246673849152344,3,0.02161330726717507,True
1.5599999999999887,0.16004264000283483,-0.00021507375828222854,0.2324425590145291,3,0.019694682499697646,True
1.5799999999999883,0.16004216402525223,4.953782263702111e-05,0.23241394555518952,3,0.020299400450518288,True
1.5999999999999879,0.16003622996624325,0.00030210110460663383,0.2323403201356012,3,0.0238422421326431,True
1.6199999999999875,0.160043178735099,0.0005486014806168878,0.23224936709457283,3,0.022476980967831545,True
1.639999999999987,0.1600473388144265,0.0007786494059499778,0.23212264261217208,3,0.029122578549238096,True
1.6599999999999866,0.16005386511268077,0.0010080378442050256,0.23197903848994988,3,0.025822995301354814,True
1.6799999999999862,0.1600568524125957,0.0012367376118520865,0.23182737448286747,3,0.0310744296403487,True
1.6999999999999857,0.16005901930661753,0.0014603151682448428,0.23167020964103327,3,0.02652154272072144,True
1.7199999999999853,0.16006170462177902,0.0016919843243226138,0.2315242451854712,3,0.03149518674848883,True
1.739999999999985,0.1600602075111093,0.0019174118376261268,0.23137119787887916,3,0.02983167933556808,True
1.7599999999999845,0.1600618420569104,0.002154568192855504,0.23124185230863484,3,0.02952394631788501,True
1.779999999999984,0.16005582587661024,0.0023875507496942013,0.2310998515226284,3,0.022565568566003308,True
1.7999999999999836,0.1600496947611316,0.0026575689931239016,0.23097415356385934,3,0.030754935752987066,True
1.8199999999999832,0.16005818993509732,0.002898230691859513,0.23088626108073868,3,0.027162273294317238,True
1.8399999999999828,0.16004929636142728,0.0031410360046147225,0.23076262160667804,3,0.01907947070677618,True
1.8599999999999823,0.16003757438103702,0.0033778956192808234,0.23064219792910606,3,0.02231571954010958,True
1.879999999999982,0.16004138916202482,0.0036235222845760204,0.23055635386740977,3,0.023421525889272307,True
1.8999999999999815,0.16004226429477045,0.0038479712563205793,0.23046062093890174,3,0.019482868551487873,True
1.919999999999981,0.16003771492467686,0.004112514275804862,0.23035226876917206,3,0.020252862843206102,True
1.9399999999999806,0.1600345001353357,0.004362210143399879,0.23024213241033026,3,0.01939978212980478,True
1.9599999999999802,0.1600388694235249,0.0046031053369569985,0.23014380872706486,3,0.022929102494648426,True
1.9799999999999798,0.16003790246718713,0.004847930707016783,0.23002600095328563,3,0.01794219558640408,True
1.9999999999999793,0.16003794876745522,0.005061729654875174,0.2299124496617409,3,0.02512531789569939,True
2.019999999999979,0.16004412550136685,0.005306952584169835,0.22980034627405535,3,0.022376069914689895,True
2.0399999999999787,0.16004841318925864,0.00550784563394041,0.22967814521437518,3,0.024541292858150498,True
2.0599999999999783,0.16005344042955036,0.005729075141028449,0.22953114922333015,3,0.02707172343859364,True
2.079999999999978,0.16005278723228777,0.005923822689121238,0.22934494457260562,3,0.027076580324661707,True
2.0999999999999774,0.16006038359519742,0.006108988920267132,0.22916040440759375,3,0.03124384054352749,True
2.119999999999977,0.1600641629089752,0.006269117673178574,0.22894906823707895,3,0.03165534991776933,True
2.1399999999999766,0.1600655466177947,0.00644438197617924,0.22872120381612726,3,0.03233608156466776,True
2.159999999999976,0.16005932512275758,0.006621743633882102,0.22846725542537966,3,0.028496522220866495,True
2.1799999999999757,0.1600580507130363,0.006775804465388301,0.22824399320574398,3,0.030113711688061068,True
2.1999999999999753,0.16005557953011437,0.006950881560618731,0.22801457582379925,3,0.025009204614734062,True
2.219999999999975,0.16005334767370508,0.007094020235332625,0.22779915291012418,3,0.02963686757625404,True
2.2399999999999745,0.1600570115058775,0.007267236466634053,0.22759736019657023,3,0.027079962129324016,True
2.259999999999974,0.16005890002954198,0.007406532287305752,0.22739933016009467,3,0.028339949394278512,True
2.2799999999999736,0.16005828781700293,0.007576082693938193,0.2271873377224986,3,0.028569088615038853,True
2.299999999999973,0.1600523946998774,0.007748189339827693,0.2269607187444528,3,0.025904007287024803,True
2.3199999999999728,0.16005087437234292,0.007889907083666044,0.22675765833451286,3,0.02758135647203679,True
2.3399999999999723,0.16005187782214605,0.008070139626984872,0.22655465979831202,3,0.024712319117130985,True
2.359999999999972,0.16005076347203906,0.00821874647416802,0.22635054737525248,3,0.025888105474962588,True
2.3799999999999715,0.16005361989215128,0.008383615636847707,0.2261513299755144,3,0.027979456270744645,True
2.399999999999971,0.16005161443163093,0.008548021673281137,0.2259335863302682,3,0.026807474275456225,True
2.4199999999999706,0.16005389072521076,0.00865664173525746,0.22573676884292193,3,0.025400373685737918,True
2.43999999999997,0.16005333792170673,0.008753722644377534,0.22552284623882354,3,0.026426940399248037,True
2.4599999999999698,0.16005790529080585,0.00878290704811738,0.22532303093471956,3,0.028853414965714107,True
2.4799999999999693,0.1600567954190038,0.008791844927193366,0.22508657455731412,3,0.025110004382740143,True
2.499999999999969,0.16004897714208274,0.008789575995359546,0.22482379102645994,3,0.027613112257042268,True
2.5199999999999685,0.16005808734615956,0.008732229114065163,0.22461928648527868,3,0.029023048066726363,True
2.539999999999968,0.16005477317072264,0.008628561371079048,0.2243574446015549,3,0.02466154086012146,True
2.5599999999999676,0.16004912176720812,0.008492270450284115,0.22410255617504937,3,0.028456282325185312,True
2.579999999999967,0.16005633562833738,0.008355648497258594,0.22389454369718037,3,0.028105116733612854,True
2.599999999999967,0.16005142548018475,0.00820744026024266,0.2236443915697213,3,0.022953762349336177,True
2.6199999999999664,0.16004627648557046,0.008040611087577827,0.2234049625949706,3,0.026941565310424066,True
2.639999999999966,0.16005434281421152,0.007919657460452936,0.2232084879954546,3,0.027462138675580058,True
2.6599999999999655,0.16005104607045562,0.007786169624989073,0.2229673940626969,3,0.02756081620835804,True
2.679999999999965,0.16005236863969977,0.007634081697712143,0.22274398448079868,3,0.02513758881565584,True
2.6999999999999647,0.16004826944616954,0.007508325184575269,0.22250891159122882,3,0.024731609355476445,True
2.7199999999999642,0.1600541145766471,0.007384353297667239,0.22230078349875135,3,0.029354303160705416,True
2.739999999999964,0.16005563671460415,0.007254777616743622,0.22206737754708314,3,0.02598394806052029,True
2.7599999999999634,0.16004732343796535,0.007123369193048153,0.2218079822490053,3,0.021151317556800883,True
2.779999999999963,0.1600536865706056,0.00700355311101548,0.221606495775149,3,0.029967770324127504,True
2.7999999999999625,0.16005841140018898,0.006885038999477522,0.22137870718371228,3,0.028046326460680723,True
2.819999999999962,0.16005153724773377,0.0067565806100979425,0.22111843428237962,3,0.027139245130558192,True
2.8399999999999617,0.16005141796438993,0.006607292106922274,0.22088706969002145,3,0.027606311940856585,True
2.8599999999999612,0.16005605306580611,0.006503619804551494,0.22067332627191927,3,0.027368068541574524,True
2.879999999999961,0.16005107269432858,0.006374968150028629,0.2204245402837693,3,0.022997367925314195,True
2.8999999999999604,0.16005134832281884,0.006211916052785925,0.22020602134990036,3,0.026431097243596675,True
2.91999999999996,0.1600563617753516,0.006065821728932844,0.22002348561317966,3,0.02901344085785318,True
2.9399999999999595,0.16005903074179284,0.005898808196814979,0.21985228148716066,3,0.027002836638752005,True
2.959999999999959,0.16006302841746814,0.005686101766397666,0.21970525495100182,3,0.030519928108209544,True
2.9799999999999587,0.16006072102394514,0.00546697911401244,0.2195723453424836,3,0.025830756673280216,True
2.9999999999999583,0.1600504887660943,0.005228897374703992,0.21945635514004241,3,0.020511700597338867,True
3.019999999999958,0.1600561863482848,0.004998126964352948,0.21938828907658892,3,0.030334312747491175,True
3.0399999999999574,0.16006118281056828,0.004769486211538695,0.21930876539093697,3,0.027824062153302243,True
3.059999999999957,0.16005482712695257,0.004523975444235671,0.21922010058916214,3,0.02281988896759327,True
3.0799999999999566,0.1600460144325476,0.004253594979226512,0.21913740678352586,3,0.024494184682381178,True
3.099999999999956,0.16004410229291513,0.003978690503482596,0.21905996218394366,3,0.021131338681503083,True
3.1199999999999557,0.16004715712356418,0.0037519860191605374,0.21898624717525936,3,0.024644951249181597,True
3.1399999999999553,0.1600472085531633,0.0035139254245181327,0.21889239665706478,3,0.02228115480397171,True
3.159999999999955,0.1600507731529205,0.003250553244191272,0.21879834125806374,3,0.026705505826625623,True
3.1799999999999544,0.16005034543628965,0.0030012822674806835,0.21869094583120546,3,0.023397668891684303,True
3.199999999999954,0.1600435108065791,0.002750278296316687,0.21857821378765283,3,0.022887493236772836,True
3.2199999999999536,0.1600565052086118,0.0025233279051712935,0.21849263339921302,3,0.03132254844470634,True
3.239999999999953,0.1600620001433414,0.002292669526264027,0.21838311171558458,3,0.028635918387180468,True
3.2599999999999527,0.16005602755687284,0.002050696208325731,0.21826255943893,3,0.023743003974192236,True
3.2799999999999523,0.1600449835656295,0.0017950964789723678,0.21814410573250878,3,0.02470326928321074,True
3.299999999999952,0.16004548306534536,0.0015161305965187607,0.21804718516932806,3,0.02635882181474,True
3.3199999999999514,0.1600540753857314,0.0013002615802750056,0.2179621931642276,3,0.02716526387595445,True
3.339999999999951,0.16005301307505204,0.001064595228200367,0.21786169815430664,3,0.023896741292531023,True
3.3599999999999506,0.1600453746095363,0.0008149708497442992,0.21775833721865218,3,0.02004215713166955,True
3.37999999999995,0.16004586388952186,0.0005405041819219177,0.21767050233465132,3,0.02476604493175889,True
3.3999999999999497,0.16004586942152854,0.00028401218112859166,0.21759434045781537,3,0.02211026856463751,True
3.4199999999999493,0.1600513796830572,6.509416339578185e-05,0.21754643772644275,3,0.02640845186823125,True
3.439999999999949,0.16005256145234278,-0.00017390814385091075,0.217508640734413,3,0.024141402978890347,True
3.4599999999999485,0.16004669344251188,-0.0004345857335000898,0.2174815271488815,3,0.020689078299546703,True
3.479999999999948,0.16004462556163296,-0.0007260497067173634,0.2174664851820447,3,0.02508501413227635,True
3.4999999999999476,0.1600466495755369,-0.0010066875542476675,0.21745471134111377,3,0.0233751045945881,True
3.519999999999947,0.1600443435504005,-0.0012765459877590092,0.21746281612272664,3,0.02127656880934448,True
3.5399999999999467,0.1600432336727642,-0.0015319379404555367,0.21749713026002818,3,0.02464329614582472,True
3.5599999999999463,0.16005915790994954,-0.0017834091711916068,0.21753656611989883,3,0.03293112797348089,True
3.579999999999946,0.16006688048629503,-0.002030269876023083,0.2175617671977015,3,0.030863695164676182,True
3.5999999999999455,0.16006276027565974,-0.0022846291708018968,0.21759210158788433,3,0.026211728537111463,True
3.619999999999945,0.16005196889582476,-0.002553820295254722,0.21763580419012757,3,0.021373411221133436,True
3.6399999999999446,0.16003956127438818,-0.002835837344791617,0.2176894592726733,3,0.02300819670570153,True
3.659999999999944,0.160040757075485,-0.003142926156392209,0.21773763280698494,3,0.022198015985851943,True
3.6799999999999438,0.16005007607648183,-0.003383002686271737,0.21776515138308183,3,0.0277472226954881,True
3.6999999999999433,0.16005545032665217,-0.0036286375708560973,0.21777085889056277,3,0.026690877319746932,True
3.719999999999943,0.16005290375741799,-0.003886495221680693,0.21777295821540418,3,0.023856552391140536,True
3.7399999999999425,0.16004625090152597,-0.004155919606920656,0.21778174306017753,3,0.026627569865732538,True
3.759999999999942,0.16005043896821156,-0.004452625746584895,0.2177969742438332,3,0.026133977807848947,True
3.7799999999999416,0.16005030590420813,-0.004722296272219861,0.21780497049659558,3,0.02404404450331724,True
3.799999999999941,0.16005005905375205,-0.004973506213594271,0.217818967445742,3,0.02730630747540973,True
3.8199999999999408,0.1600567086873064,-0.005206139349485056,0.21782999289965843,3,0.027821684203055218,True
3.8399999999999403,0.16005603841535543,-0.005460849522643249,0.2178383326087224,3,0.025617275034770372,True
3.85999999999994,0.16005053039846626,-0.005729931747529467,0.2178537628029283,3,0.02844452118673214,True
3.8799999999999395,0.160054766217995,-0.006029601623945427,0.21787613438129613,3,0.027802330777839834,True
3.899999999999939,0.16005412677144898,-0.006302833522542193,0.21789084190407965,3,0.025325277828119264,True
3.9199999999999386,0.1600494714677039,-0.006570347037787302,0.21790902384885383,3,0.022669527059316297,True
3.939999999999938,0.16004712722325343,-0.006824017812875683,0.21793474797652643,3,0.026145196258236938,True
3.959999999999938,0.16005383498671355,-0.007061057405912849,0.21795356355935355,3,0.027273671374707143,True
3.9799999999999374,0.16005476650818112,-0.007317608359729334,0.2179664683952121,3,0.026008094410652587,True
3.999999999999937,0.16005791890094126,-0.007597923617012098,0.21799313686614974,3,0.03143354320962824,True
4.0199999999999365,0.16006342893599498,-0.007861222146463462,0.21802671655523995,3,0.030283625213955376,True
4.039999999999936,0.16006261352391044,-0.008107373168225348,0.21808221792883672,3,0.027864007523091185,True
4.059999999999936,0.16005748764553887,-0.00834878042194884,0.21817307826538707,3,0.02516340006233835,True
4.079999999999935,0.16005051512892893,-0.008589910357917615,0.21830118222440895,3,0.022771925546461545,True
4.099999999999935,0.16004371016301566,-0.00883119554381934,0.21845702070121753,3,0.020940578994028312,True
4.119999999999934,0.16004886637088855,-0.009040511137693264,0.21861297623721854,3,0.0272448468354165,True
4.139999999999934,0.16005449496111646,-0.009262828666258044,0.2187535985081657,3,0.027477392704458568,True
4.1599999999999335,0.16005478884314805,-0.009494017053992972,0.21889560175378953,3,0.026155059222972083,True
4.179999999999933,0.16005143027715638,-0.009731157527466599,0.2190442788286161,3,0.024209736743792915,True
4.199999999999933,0.1600551812412322,-0.009992913737706334,0.21919541260888975,3,0.0294786573568662,True
4.219999999999932,0.16005861888573947,-0.010230514938275807,0.2193235249188526,3,0.02812051010049831,True
4.239999999999932,0.1600567172582988,-0.010458761884247034,0.21945187856676404,3,0.025775243899957816,True
4.259999999999931,0.16005147044231316,-0.010685578300018565,0.21958935815484312,3,0.023221813420159467,True
4.279999999999931,0.16004525034864236,-0.010913301971495756,0.21973522809184223,3,0.021107792214228472,True
4.2999999999999305,0.1600399912716346,-0.01114200342588922,0.21988348545047884,3,0.01982514796065521,True
4.31999999999993,0.16004045457820307,-0.011359055282679071,0.220026527336452,3,0.025178935755419928,True
4.33999999999993,0.1600517308558824,-0.011561505084690081,0.22014346062632761,3,0.02800788410035397,True
4.359999999999929,0.160057361112733,-0.011782137251110048,0.22025344962750074,3,0.028209718407124662,True
4.379999999999929,0.16005761310831573,-0.012012278272043132,0.2203701040031215,3,0.026987548008101842,True
4.399999999999928,0.16005429969207738,-0.012249717139055677,0.2204995653086396,3,0.02516778673539806,True
4.419999999999928,0.1600495177354003,-0.012491158052436236,0.2206403945437471,3,0.02340708137393878,True
4.439999999999928,0.16004504524157143,-0.012732948732038347,0.22078674175093582,3,0.022151422498789475,True
4.459999999999927,0.16005027229122315,-0.012996236798300892,0.2209320552876053,3,0.028608082502315765,True
4.479999999999927,0.16005703736591143,-0.013231389298606015,0.22105014555571362,3,0.028759536566170637,True
4.499999999999926,0.1600589238945952,-0.013453693606713422,0.2211654947915885,3,0.027656106674874774,True
4.519999999999926,0.16005732848625517,-0.013665076685929423,0.2212930156158948,3,0.026113195151053138,True
4.539999999999925,0.1600543985328879,-0.013859491565656506,0.22144340815887315,3,0.024870467988308612,True
4.559999999999925,0.16005150232553117,-0.014035389447470981,0.22162218748061577,3,0.02415652499360663,True
4.579999999999925,0.16004918805636761,-0.014194778461900934,0.2218287132778739,3,0.023832251212010627,True
4.599999999999924,0.1600475203611834,-0.014340905864344854,0.222057421544536,3,0.02367960213369535,True
4.619999999999924,0.1600463835445231,-0.014477043508192193,0.2223005810522283,3,0.023563402139489792,True
4.639999999999923,0.16004565391032535,-0.014606021359983035,0.22255076290964435,3,0.02344653764916118,True
4.659999999999923,0.16004525794561258,-0.014730102488295357,0.22280218458128276,3,0.023349489338845134,True
4.6799999999999224,0.16004516203559888,-0.014851017589542211,0.22305114453162836,3,0.02330805768417205,True
4.699999999999922,0.16004533787306727,-0.014970056647185469,0.22329590447477066,3,0.023344326612498537,True
4.719999999999922,0.16004573415225867,-0.015088155749538763,0.22353626542157776,3,0.02345465597186562,True
4.739999999999921,0.16004626733141264,-0.015205964372466307,0.2237730294250644,3,0.023611758082341013,True
4.759999999999921,0.16004683152093707,-0.01532389444662202,0.22400747736231275,3,0.023775326181184355,True
4.77999999999992,0.16004731915705414,-0.015442159385269359,0.2242409370830765,3,0.02390426905588913,True
4.79999999999992,0.1600476437589792,-0.015560812594303586,0.22447448995128014,3,0.02396828906834779,True
4.8199999999999195,0.16004775634423085,-0.015679792363393133,0.22470882370065806,3,0.02395369824950416,True
4.839999999999919,0.16004765140113553,-0.01579897101698961,0.22494420469392493,3,0.023864240008281284,True
4.859999999999919,0.16004730144019128,-0.015825833999383327,0.2249985814814682,3,0.00365168526006975,False
6.5999999999998815,0.16031116766275394,0.004662541966952906,0.23051105057651375,4,0.28371143069352833,True
6.619999999999881,0.160352550319548,0.004676668714946449,0.23053252974248092,4,0.1953778019891447,True
6.639999999999881,0.1602701565177789,0.004688763959612566,0.2305635785945008,4,0.09452487931390233,True
6.65999999999988,0.16016661738733357,0.0047305102315508395,0.23090224307649068,4,0.05208656918949064,True
6.67999999999988,0.16009227780156396,0.004777171296830793,0.23168234604098395,4,0.03178303927783796,True
6.699999999999879,0.16003534124798213,0.004850064172373219,0.23236568421446654,4,0.0092782337145105,True
6.719999999999879,0.16001008575293657,0.004890485606102617,0.2326638376293232,4,0.0036373781634912983,True
6.799999999999877,0.16003568035160878,0.005219706734966794,0.23391155220483983,5,0.029509440296676848,True
6.819999999999877,0.16007084893122578,0.005247640650656658,0.23397684354799375,5,0.0374192178633321,True
6.839999999999876,0.16008690779374304,0.005287310755068615,0.2341140567622182,5,0.0390170275472951,True
6.859999999999876,0.16008515737678244,0.00534418703977152,0.23433892563658804,5,0.034817894716840256,True
6.8799999999998755,0.1600709111709601,0.005426731254515314,0.23462569508384115,5,0.027268761626444666,True
6.899999999999875,0.16005119016035974,0.0055420737883279505,0.23493122276449876,5,0.01946710653158556,True
6.919999999999875,0.160032467691975,0.005690279172989395,0.23521812959221483,5,0.013634794759949245,True
6.939999999999874,0.16001920807943723,0.005865033330627886,0.23546538483928564,5,0.010787816471788869,True
6.959999999999874,0.1600133557950525,0.006056151213353534,0.235669380924923,5,0.010893469796914601,True
6.979999999999873,0.16001461667580896,0.006253022460764065,0.23583871375377183,5,0.013213574119293718,True
6.999999999999873,0.1600212289250267,0.006447983795651174,0.2359861451689065,5,0.016759165581538032,True
7.019999999999873,0.1600307810560314,0.006637876994720932,0.23612309106496135,5,0.020605657570233683,True
7.039999999999872,0.1600408522687798,0.006823468424137764,0.23625819465554382,5,0.024018588020734925,True
7.059999999999872,0.1600494735723336,0.007007740677561822,0.23639763436429923,5,0.026505520031646794,True
7.079999999999871,0.1600554148896347,0.00719407206638827,0.23654537735922393,5,0.027847989155689323,True
7.099999999999871,0.1600582768451192,0.007384926563291214,0.23670312231362375,5,0.02810034989740359,True
7.11999999999987,0.16005838951278317,0.007581277825410114,0.23687034955392197,5,0.027532882903161675,True
7.13999999999987,0.16005656900628215,0.007782679003424755,0.23704481105537953,5,0.02652557802947222,True
7.15999999999987,0.16005381912197825,0.007987717993062717,0.23722340060706537,5,0.025452422570927627,True
7.179999999999869,0.1600510644328453,0.008194590360285869,0.23740307825773832,5,0.02459592654071551,True
7.199999999999869,0.16004897117922723,0.00840160033327751,0.2375815400193878,5,0.024108970063109303,True
7.219999999999868,0.16004734224185438,0.008611626992189597,0.23774679037699753,5,0.023496286333860594,True
7.239999999999868,0.16004620934818656,0.008828941090294943,0.23788003769813454,5,0.023044843527098978,True
7.2599999999998674,0.16004577648777346,0.009055438287754857,0.2379708118222279,5,0.023019653201527848,True
7.279999999999867,0.16004604713362613,0.009291512503423652,0.2380182618047232,5,0.02341951605860049,True
7.299999999999867,0.16004683414579593,0.0095365839559447,0.23802721827543005,5,0.024065582226729006,True
7.319999999999866,0.1600478522631229,0.009789208818453422,0.23800720385041219,5,0.024669093775746696,True
7.339999999999866,0.1600486543266786,0.01004744160732688,0.23797166067982622,5,0.024972678108279148,True
7.359999999999865,0.16004899576058987,0.010309425843109437,0.2379280744490842,5,0.025038984375623075,True
7.379999999999865,0.16004897646010915,0.01057362420561781,0.23787936468847948,5,0.025008379080277227,True
7.3999999999998645,0.16004884939402955,0.010838826257605997,0.23782666773889732,5,0.02501085711809125,True
7.419999999999864,0.16004888642696347,0.011104106697137375,0.2377705889969496,5,0.02514510091809907,True
7.439999999999864,0.16004930722025446,0.011368794090264867,0.23771165140029338,5,0.02547105175696548,True
7.459999999999863,0.16005024557852635,0.011632451687667553,0.23765043031289243,5,0.026009429664198405,True
7.479999999999863,0.16005172631789602,0.011894844204757529,0.2375882120026939,5,0.02672609816014269,True
7.499999999999862,0.16005360099440702,0.012155786630017752,0.23753152490848084,5,0.027359054574500104,True
7.519999999999862,0.16005520672262805,0.012411862644917549,0.237481015315538,5,0.02762346743785599,True
7.5399999999998615,0.16005613051378154,0.012656754278187174,0.2374303783616058,5,0.027345433523873135,True
7.559999999999861,0.16005593463435228,0.01288667091004294,0.2373812349458907,5,0.026340614086110034,True
7.579999999999861,0.160055145196045,0.013103278174121874,0.2373126412547227,5,0.026290516023695212,True
7.59999999999986,0.1600554709562207,0.013311833564799725,0.2371947044000516,5,0.027640185105803638,True
7.61999999999986,0.16005698587858116,0.013516829028093178,0.2370226120598232,5,0.029490000303428694,True
7.639999999999859,0.16005846446142266,0.013719432126866533,0.23681146659120772,5,0.03033438840183595,True
7.659999999999859,0.160059181177579,0.013918929607914979,0.23658336020897436,5,0.030378434539576518,True
7.6799999999998585,0.16005929457653156,0.014114637197040234,0.23635432331942774,5,0.0301143049861125,True
7.699999999999858,0.1600592575194243,0.014306499490116649,0.23613279326648923,5,0.029832585073069923,True
7.719999999999858,0.16005934998462096,0.014495037593364495,0.23592188958493945,5,0.029651800974447293,True
7.739999999999857,0.16005963404301587,0.014681135189305217,0.2357214574800891,5,0.02958393104966498,True
7.759999999999857,0.1600600314162492,0.01486581078631862,0.23552955757555008,5,0.029589672985664416,True
7.779999999999856,0.16006041337523144,0.015050018867507847,0.23534355615848626,5,0.029616706178722904,True
7.799999999999856,0.16006066666022448,0.015234506266940031,0.23516087452429427,5,0.0296227577799217,True
7.8199999999998555,0.1600607285271858,0.015419738400193969,0.23497943108746602,5,0.029585917171125346,True
7.839999999999855,0.16006063027063214,0.01560010730951915,0.23479636607449364,5,0.029433001313667082,True
7.859999999999855,0.1600605347923975,0.015762811435734474,0.23460656851077055,5,0.029248119914056712,True
7.879999999999854,0.16006053553751615,0.015898903544513628,0.23440386090304074,5,0.029221799152271934,True
7.899999999999854,0.16006048976452264,0.016007895078008316,0.23418328069850666,5,0.02931018675760751,True
7.919999999999853,0.16006015637603285,0.016093713056217755,0.2339431832280332,5,0.02932615626459701,True
7.939999999999853,0.16005938137242193,0.016161359444932584,0.23368598584053338,5,0.029129482922266935,True
7.9599999999998525,0.16005819017982478,0.016215527766447246,0.23341690333885484,5,0.028712808994332144,True
7.979999999999852,0.16005676675441868,0.016260186699909703,0.23314197664866665,5,0.02816924962815111,True
7.999999999999852,0.16005535470332827,0.016298732952879643,0.2328664457554129,5,0.02761078399372728,True
8.019999999999854,0.16005412975054756,0.01633493974837829,0.23259366782892651,5,0.02714024104080349,True
8.039999999999857,0.16005326977946152,0.01637009352672118,0.2323255026160314,5,0.026833743843465777,True
8.05999999999986,0.16005284647989368,0.01640456331499887,0.23206219820253482,5,0.026708256461494974,True
8.079999999999863,0.16005280775683955,0.016438550851510563,0.2318027632946108,5,0.026729094398829364,True
8.099999999999866,0.1600530204128981,0.016472206731074586,0.2315455938859404,5,0.026834631236916744,True
8.11999999999987,0.1600533269426695,0.016505634156673894,0.2312890541047296,5,0.026960702195410722,True
8.139999999999873,0.1600535875567363,0.01653856529671643,0.231032342310554,5,0.027022952154057367,True
8.159999999999876,0.16005367149274974,0.016568924610584148,0.23077769613259227,5,0.02682708579455727,True
8.179999999999879,0.16005401043590797,0.016580774718125253,0.23053144001077805,5,0.026714905194364747,True
8.199999999999882,0.16005544339656758,0.016544874011631332,0.23029819380349348,5,0.027396124232108604,True
8.219999999999885,0.1600573448120777,0.016454422647230838,0.23007480786372383,5,0.028144157401982547,True
8.239999999999888,0.16005833425215496,0.01632309073090273,0.2298579831324784,5,0.02822118765703342,True
8.259999999999891,0.16005770156754434,0.016164946073286605,0.22964686932513667,5,0.027524442195637776,True
8.279999999999895,0.16005553174313591,0.015990756342103996,0.22944112657677615,5,0.02631056484621244,True
8.299999999999898,0.16005240463452564,0.015808032676605976,0.22924047365631894,5,0.024929849414272825,True
8.3199999999999,0.16004905324211754,0.015621893531964163,0.2290444736975142,5,0.023683839453903524,True
8.339999999999904,0.16004611383699743,0.015435791689582038,0.22885231807823334,5,0.02276611361914457,True
8.359999999999907,0.16004399362647972,0.015251936197592943,0.22866276434853133,5,0.022252570480339382,True
8.37999999999991,0.16004283957335597,0.015071518306298739,0.22847426695745127,5,0.022122627685097644,True
8.399999999999913,0.16004257725945853,0.014894879820332316,0.2282852290590689,5,0.022291362963071926,True
8.419999999999916,0.1600429867145851,0.01472170779399195,0.22809426633176547,5,0.02264400495631211,True
8.43999999999992,0.1600440057915465,0.014549353739156884,0.22790367130741432,5,0.02315785123557684,True
8.459999999999923,0.16004590555199616,0.014370821470011919,0.22772467849198894,5,0.02389877712220176,True
8.479999999999926,0.1600485409040767,0.014179918178203648,0.2275702907360286,5,0.02470164097345425,True
8.499999999999929,0.1600512602195093,0.013974409427621745,0.22744654045259105,5,0.025374617789730197,True
8.519999999999932,0.16005330921580685,0.013754157108906725,0.2273535191121719,5,0.025726563108153116,True
8.539999999999935,0.1600541385423549,0.013519743994144465,0.22728825434347527,5,0.025639833803042047,True
8.559999999999938,0.16005354015633894,0.013272218479198418,0.22724629173191305,5,0.025107392839333827,True
8.579999999999941,0.16005164647117218,0.013013282552496503,0.22722221776815288,5,0.02422405091078769,True
8.599999999999945,0.16004884638673514,0.01274535997521101,0.22721001702965096,5,0.023152908209689273,True
8.619999999999948,0.16004566341922571,0.012471392807744217,0.2272036859884677,5,0.022081388427866343,True
8.63999999999995,0.16004262935286825,0.012194461295755382,0.22719800269835116,5,0.021177753265527063,True
8.659999999999954,0.16004017984250657,0.011917376418640858,0.22718914003218216,5,0.020558307406034836,True
8.679999999999957,0.1600385874735683,0.011642349327215244,0.22717490340199115,5,0.020271737375223316,True
8.69999999999996,0.16003793900993493,0.011370794954335371,0.22715458414512513,5,0.020301614549446078,True
8.719999999999963,0.16003815242490685,0.011103285530299944,0.22712856881981483,5,0.0205819573612419,True
8.739999999999966,0.16003902480338777,0.010839651175663021,0.2270979235907282,5,0.021020259824590017,True
8.75999999999997,0.16004061236743516,0.010580394781783091,0.2270694414101758,5,0.02166663835683221,True
8.779999999999973,0.160042681061526,0.010325888767795728,0.22705227079974571,5,0.022310163006779304,True
8.799999999999976,0.16004452384575046,0.010074700290806518,0.227045622805923,5,0.022762271105911565,True
8.819999999999979,0.16004588172577608,0.00982483972682309,0.22704607291773982,5,0.02305661487210177,True
8.839999999999982,0.16004661662034603,0.009574571824321792,0.22706907086526246,5,0.023087019874600965,True
8.859999999999985,0.16004604266247704,0.009321038258772597,0.22713163198466074,5,0.02266353892537932,True
8.879999999999988,0.16004410542461603,0.009062431778099362,0.22722877140962944,5,0.021810249998328625,True
8.899999999999991,0.1600412552721882,0.008799245552561917,0.2273440761320502,5,0.020802530320505833,True
8.919999999999995,0.16003826452332104,0.00853371061253895,0.2274598886690812,5,0.01975298712092152,True
8.939999999999998,0.16003564136750942,0.008267934728704266,0.2275670520406832,5,0.01891958269108465,True
8.96,0.16003383675416114,0.00800379027040854,0.2276623632595026,5,0.01848322908003287,True
8.980000000000004,0.16003314646080785,0.007742754451702636,0.22774606396277705,5,0.01850433197738397,True
9.000000000000007,0.16003363084052993,0.007485704313208276,0.22782021078745826,5,0.018934483535388767,True
9.02000000000001,0.16003518482043674,0.007234077684547216,0.22788871273190514,5,0.019663771916855484,True
9.040000000000013,0.1600378458277939,0.006995193657007908,0.2279615948350019,5,0.02062651277411381,True
9.060000000000016,0.16004135423365393,0.006776048009613872,0.22805165657873366,5,0.0217978482955421,True
9.08000000000002,0.16004506988673406,0.0065765097372454725,0.22816764374134588,5,0.02305608271922147,True
9.100000000000023,0.1600481960326765,0.006391531265796605,0.22831409485295087,5,0.024133897192066024,True
9.120000000000026,0.16005004898676164,0.00621501611986584,0.22849148875594075,5,0.02472878286375163,True
9.140000000000029,0.16005029871712975,0.006042282742645112,0.22869563839704912,5,0.024682734953000097,True
9.160000000000032,0.16004906064198998,0.005870608069391768,0.2289186496927533,5,0.024065221498956145,True
9.180000000000035,0.16004681550636873,0.005698874927250075,0.22915129162273523,5,0.023116018831325195,True
9.200000000000038,0.16004422804552534,0.0055270601108752555,0.22938523625724655,5,0.022130404833341548,True
9.220000000000041,0.16004194656000809,0.005355754273978905,0.2296144541026043,5,0.021358832296353044,True
9.240000000000045,0.1600404451193321,0.005185741183030177,0.2298357117050011,5,0.020949346113798086,True
9.260000000000048,0.16003994138627353,0.005017660557481828,0.2300483466941943,5,0.020933961480626102,True
9.28000000000005,0.16003961545744366,0.0049811978621684344,0.23009572855794835,5,0.002229337323003101,False
10.280000000000207,0.16023104985872047,0.016043015726291302,0.23308837974063382,6,0.19734868205957684,True
10.30000000000021,0.16030820410096605,0.01613331117255317,0.23306908387408118,6,0.18002555187005312,True
10.320000000000213,0.1602659641571917,0.016268824497715734,0.23301896096709176,6,0.11427763924172393,True
10.340000000000217,0.16018831265465344,0.01652677148921466,0.23282664772178552,6,0.058301820003227055,True
10.36000000000022,0.16010962355096578,0.01685082021276242,0.23253636311638398,6,0.027428076657723156,True
10.380000000000223,0.16005072067302878,0.017181692189178522,0.23229806873592496,6,0.012183424564080132,True
10.400000000000226,0.16001649708907278,0.0174923158108415,0.23216281010569972,6,0.006882626896148841,True
10.420000000000229,0.16000636788875947,0.017773152244974322,0.2321079656740122,6,0.01045933691887903,True
10.440000000000232,0.1600163490059856,0.018024618713080323,0.23209180505083737,6,0.019123400339337293,True
10.460000000000235,0.16003766861302285,0.01825335462559282,0.23208511221906467,6,0.028671625062729213,True
10.480000000000238,0.1600610162612862,0.018469196389607846,0.23207045413397845,6,0.03650666386564843,True
10.500000000000242,0.16007946270258303,0.018682149907887028,0.2320390351962582,6,0.04112979848204191,True
10.520000000000245,0.1600896802866435,0.018900060887737012,0.2319932087729572,6,0.04207489813195595,True
10.540000000000248,0.16009086008194665,0.01912643547149158,0.23194026517272948,6,0.039580059566319416,True
10.560000000000251,0.16008485061140512,0.01936289257848422,0.23186721764169702,6,0.035745964343143886,True
10.580000000000254,0.160077497005377,0.01957145516062245,0.2317611419743361,6,0.032490020986520395,True
10.600000000000257,0.16007365214073319,0.019702569981095916,0.23163480793439162,6,0.031128924486105856,True
10.62000000000026,0.16007170737799806,0.019767823811373,0.23149789504975374,6,0.030078080320470067,True
10.640000000000263,0.16006998982625778,0.019779111369376996,0.2313583388736374,6,0.02899821698236279,True
10.660000000000267,0.16006915885749437,0.019715512211151354,0.23121859046557441,6,0.029466581065745828,True
10.68000000000027,0.1600683970733601,0.019573759359166956,0.23108296117302296,6,0.029811660690885568,True
10.700000000000273,0.16006614299466215,0.01937023397824132,0.23096304652255115,6,0.029008735879009963,True
10.720000000000276,0.16006176321431287,0.019123978798135488,0.230864489419205,6,0.027146917784577843,True
10.740000000000279,0.1600555912312147,0.01885099708172107,0.23078704525462307,6,0.0246788697040159,True
10.760000000000282,0.160048527455508,0.018563658189889212,0.230726805717561,6,0.022112417020667543,True
10.780000000000285,0.16004163507244037,0.018271380037362492,0.23067771106045795,6,0.01986284727273794,True
10.800000000000288,0.16003583966900115,0.017981179951805634,0.2306330771396327,6,0.018198752631682396,True
10.820000000000292,0.16003175047807783,0.01769791463043142,0.23058706756605912,6,0.017235850332651192,True
10.840000000000295,0.16002959620698157,0.017424386027711004,0.2305356525401846,6,0.01695455245726556,True
10.860000000000298,0.1600292532742133,0.017161488738021487,0.2304768193432125,6,0.017232693061291885,True
10.880000000000301,0.16003033688904422,0.016908498556837286,0.23041019635349166,6,0.017887553443258594,True
10.900000000000304,0.1600323212257794,0.016663514900220784,0.23033645462383423,6,0.018719105183728185,True
10.920000000000307,0.16003465848323883,0.016423992166068966,0.23025679191373552,6,0.01954666156514889,True
10.94000000000031,0.16003731038780278,0.01619904001308462,0.23018370167599128,6,0.019884794572349068,True
10.960000000000313,0.1600403182527024,0.016010510547430728,0.2301395846567258,6,0.019575656879499997,True
10.980000000000317,0.1600423666136197,0.015871336840787103,0.23013544395408664,6,0.01847590557563148,True
11.00000000000032,0.16004483960271754,0.015777936123694186,0.23018758426993646,6,0.019645974818207526,True
11.020000000000323,0.16004710897498728,0.015712650052333674,0.23033255927591506,6,0.02229656652435329,True
11.040000000000326,0.16004698532897432,0.015669154665689602,0.2305768187740682,6,0.023230481169880027,True
11.06000000000033,0.16004400903926114,0.015642336119136926,0.23088304877181876,6,0.022324630767269243,True
11.080000000000332,0.1600390576198336,0.015625457864480188,0.23121643834453462,6,0.020412721876211248,True
11.100000000000335,0.16003367294497714,0.015613529944732633,0.23155084735735884,6,0.01839217460584131,True
11.120000000000339,0.16002940397930143,0.015604082692742284,0.23186935047296883,6,0.016954646239126292,True
11.140000000000342,0.1600272895495493,0.015596671951831707,0.23216434325419705,6,0.01645107931096888,True
11.160000000000345,0.1600276464346365,0.015591860192441392,0.23243590404489486,6,0.016895612289144376,True
11.180000000000348,0.16003012685779935,0.015590240942432783,0.23268914227817808,6,0.018054069308086305,True
11.200000000000351,0.160033939459599,0.015591873449437688,0.23293143506091127,6,0.0195633407657738,True
13.62000000000073,0.16025234438108218,-0.014526343614368482,0.22849715247316954,7,0.24127145435256334,True
13.640000000000732,0.16033918701793026,-0.014617572396601278,0.2284887615788039,7,0.19163247476537312,True
13.660000000000736,0.16025262396884754,-0.014714531826730092,0.22848195087953188,7,0.07965377699733381,True
13.680000000000739,0.1601521918515255,-0.014932297180883751,0.22861287229038554,7,0.03623295211879938,True
13.700000000000742,0.1600829803254324,-0.015284079237291519,0.22903627838548887,7,0.030180977605483595,True
13.720000000000745,0.1600495074905915,-0.01560785123871175,0.22946204499979994,7,0.0227128456233741,True
13.740000000000748,0.16003425925325906,-0.01587767739209729,0.22981033159371708,7,0.019879450087499483,True
13.760000000000751,0.1600329317387371,-0.016110362847389512,0.2300666712729723,7,0.02173295016651509,True
13.780000000000754,0.16004149949060797,-0.016315557671421975,0.23024522093038075,7,0.025783767191054782,True
13.800000000000757,0.16005417271463282,-0.016504177086396336,0.23037803629961995,7,0.030351012389941544,True
13.82000000000076,0.1600664591642879,-0.016687705691404892,0.2304910896033591,7,0.03405045929458443,True
13.840000000000764,0.16007536975984168,-0.016875034144170395,0.23060156637311335,7,0.03607807805228838,True
13.860000000000767,0.1600795278684867,-0.017071135883857443,0.23072002036672806,7,0.03623905279066611,True
13.88000000000077,0.16007899370943218,-0.017277175732435996,0.23085204784626184,7,0.03485128656571115,True
13.900000000000773,0.16007485155024273,-0.017491487605665157,0.23099892429774738,7,0.03253227551364124,True
13.920000000000776,0.1600686892431921,-0.01771094294406,0.23115825149789315,7,0.029951730455191873,True
13.94000000000078,0.16006211278247412,-0.017932283357609873,0.23132529213363026,7,0.02765105930216407,True
13.960000000000782,0.16005639594644702,-0.018153025784155178,0.23149476031203145,7,0.025962296848340425,True
13.980000000000786,0.16005230250216582,-0.018371805341405846,0.2316623688530554,7,0.02500337531358381,True
14.000000000000789,0.16005006828705373,-0.01858826828038877,0.23182563215482277,7,0.024717208225615496,True
14.020000000000792,0.16004949889580888,-0.018802748583061742,0.23198388853906388,7,0.024931825182767216,True
14.040000000000795,0.16005013945804628,-0.01901517758861159,0.23213708102645508,7,0.02539735479090337,True
14.060000000000798,0.16005185437781624,-0.019197033045946676,0.23225786145861538,7,0.024849535651194053,True
14.080000000000801,0.16005544543948566,-0.019311267478081363,0.23231299618521467,7,0.02432315416227892,True
14.100000000000804,0.16006110284298908,-0.01934939883696986,0.23232041722733288,7,0.024994068010155815,True
14.120000000000807,0.16006342162986717,-0.019367167553658953,0.2323006657531573,7,0.02579095706566867,True
14.14000000000081,0.1600611583817533,-0.019396821545012023,0.2321504791902622,7,0.027331376124074925,True
14.160000000000814,0.16005643253076368,-0.019394887104221686,0.2318844336855349,7,0.027198097727701407,True
14.180000000000817,0.16005124535357154,-0.019340369806232542,0.2315636886482885,7,0.026231720012270848,True
14.20000000000082,0.1600464759470194,-0.019245765946261633,0.23122879433635313,7,0.02483909164554578,True
14.220000000000823,0.16004269298868912,-0.0191284260812854,0.23090557005596105,7,0.023443029129751984,True
14.240000000000826,0.16004023848952167,-0.01900255691409276,0.23060678038939436,7,0.022375683275039956,True
14.26000000000083,0.1600391864853276,-0.018877454141019018,0.23033484576574967,7,0.021795033522633848,True
14.280000000000832,0.16003934720450416,-0.018757891609163902,0.23008550026932018,7,0.021689377018202022,True
14.300000000000836,0.16004034300333325,-0.018645230777693707,0.22985136270011577,7,0.02193364684358973,True
14.320000000000839,0.1600417238234934,-0.018538692653772927,0.22962468651790047,7,0.022356149665827055,True
14.340000000000842,0.16004307873655946,-0.018436498254643906,0.2293990961614687,7,0.022793794057677272,True
14.360000000000845,0.16004411571917315,-0.018336705664773287,0.22917042078205185,7,0.023129243143111235,True
14.380000000000848,0.1600446964920076,-0.018237699671716685,0.22893679590103178,7,0.02330738028221168,True
14.400000000000851,0.16004482743052856,-0.018138395076461915,0.22869823979937548,7,0.02333143984635907,True
14.420000000000854,0.16004461839485454,-0.01803824896172533,0.22845595544240527,7,0.023244684963116893,True
14.440000000000857,0.16004331002192937,-0.01792769353972442,0.22820695603283614,7,0.023276836032286162,True
14.46000000000086,0.16003635205139108,-0.01768994850496043,0.22791273786431432,7,0.019861489997489667,True
14.480000000000864,0.16003324836639468,-0.017563619397093253,0.227684210728636,7,0.01780826662462112,True
14.500000000000867,0.1600345041207663,-0.017525012072842072,0.2274767078855565,7,0.01955762630859219,True
14.52000000000087,0.1600390700003662,-0.017500955820571658,0.2272655909836875,7,0.02234537158900923,True
14.540000000000873,0.1600450018806077,-0.017462847316445998,0.2270444378046026,7,0.02499866368236783,True
14.560000000000876,0.1600502228431264,-0.017425074841167287,0.2268164112013694,7,0.026432488863964272,True
14.58000000000088,0.16005347269170608,-0.017413893286583524,0.22658804346643693,7,0.026787954124050443,True
14.600000000000882,0.16005501747430478,-0.017434495037277353,0.22636436076118904,7,0.02680807290371271,True
14.620000000000886,0.16005613656673,-0.017470784901369524,0.22615172082426682,7,0.02690426874792853,True
14.640000000000889,0.1600561767642275,-0.017539393642176083,0.22594636901513604,7,0.026661613276448125,True
14.660000000000892,0.16005438938990718,-0.01766175337125612,0.22574196808199906,7,0.026018843851094115,True
14.680000000000895,0.16005133371799327,-0.017831178653061802,0.2255438213868299,7,0.025098033572283674,True
14.700000000000898,0.16004826510401893,-0.01802769930020882,0.2253586516148011,7,0.02427261298030419,True
14.720000000000901,0.16004615105204656,-0.018234380470553015,0.2251865368256392,7,0.023824969325426354,True
14.740000000000904,0.16004527835673737,-0.018441023483559308,0.22502278425185512,7,0.023783281927278636,True
14.760000000000908,0.16004461537860776,-0.01863461839364584,0.2248594190923744,7,0.01911264996971086,True
14.78000000000091,0.16003780404373863,-0.018758842952754554,0.2246765478982273,7,0.019103824047832358,True
14.800000000000914,0.16003549081933513,-0.018957807451303856,0.2245094250218345,7,0.02088784765253973,True
14.820000000000917,0.1600370148245375,-0.019191016747394644,0.22433897687568188,7,0.023130964176861876,True
14.84000000000092,0.16004153325836476,-0.019422702200506865,0.22416029372514426,7,0.025507646005911797,True
14.860000000000923,0.16004857757949784,-0.019648171211866444,0.22397062790386577,7,0.027848997980901305,True
14.880000000000926,0.16004516059790266,-0.01989559625428563,0.22374478013843743,7,0.02312370300592401,True
14.90000000000093,0.16005048942632485,-0.019975562029180646,0.22360580175509584,7,0.025154765266194937,True
14.920000000000933,0.16006167117636672,-0.01997114147405188,0.2235019653717527,7,0.029097772070669235,True
14.940000000000936,0.16006414755902526,-0.019783811941533867,0.22333020514579638,7,0.029935838349194405,True
14.960000000000939,0.1600600633958049,-0.019541708449350458,0.22321106492087872,7,0.02569738900829649,True
14.980000000000942,0.16006043218019084,-0.019381385741822656,0.22317187584979972,7,0.025903324885061443,True
15.000000000000945,0.1600628393327044,-0.01923132092341316,0.22316246719152102,7,0.027154223893888857,True
15.020000000000948,0.1600655696706606,-0.019059165470685882,0.22316796381254916,7,0.02335157414810379,True
15.040000000000951,0.16004252459190846,-0.018871324473356963,0.22314490159146927,7,0.01196932932477521,True
15.060000000000954,0.16001253438461352,-0.01843278766915849,0.22320409416860212,7,0.008332685374441286,True
15.080000000000958,0.16000074575307055,-0.01803199578095816,0.22331412036970427,7,0.008777445698237697,True
15.10000000000096,0.16000648385021368,-0.01768669796548117,0.22337824704498851,7,0.013439048073075603,True
15.120000000000964,0.16001935425032543,-0.017416363604815226,0.22338654620041884,7,0.018577379934704152,True
15.140000000000967,0.16003533521536153,-0.01718750568233977,0.2233595254737883,7,0.02391654601245211,True
15.16000000000097,0.16005025479186616,-0.016979504152366005,0.22331152528657008,7,0.028105404811228106,True
15.180000000000973,0.16005638528768878,-0.01674954205346939,0.22324400089876922,7,0.026260524133104902,True
15.200000000000976,0.16005483449579275,-0.016503246381757108,0.22318333120122932,7,0.025491774942711556,True
15.22000000000098,0.160053919938234,-0.016258398844659624,0.2231370738608991,7,0.02536007267225414,True
15.240000000000983,0.16004842490161478,-0.015984034153285157,0.2230932097117729,7,0.02091986484665578,True
15.260000000000986,0.16004011371619012,-0.015696588451588726,0.22306984033791635,7,0.019294699279399797,True
15.280000000000989,0.1600368134709194,-0.015420877186124195,0.22306098356463888,7,0.019484477850441644,True
15.300000000000992,0.16003456174859226,-0.015162595373441376,0.22304956960670005,7,0.014856014344084217,True
15.320000000000995,0.1600287422767644,-0.01490585309980608,0.22303890274522883,7,0.016233691833782142,True
15.340000000000998,0.16002814305818713,-0.014847201457275534,0.22303816354139724,7,0.0017816047229060284,False
15.980000000001098,0.160298995697291,-0.008548339609744108,0.22724453944616668,8,0.2510625898194003,True
16.0000000000011,0.1603228339666205,-0.008555633414079649,0.22723611630883855,8,0.16039975224079064,True
16.020000000001097,0.1602433751811478,-0.008536847810440675,0.22724207498321672,8,0.0808508061031181,True
16.040000000001093,0.1601638172350834,-0.008402610966028796,0.22736742775816768,8,0.04720797480004032,True
16.06000000000109,0.16009757128294258,-0.00810496973437579,0.22774264979675718,8,0.030019731497205,True
16.080000000001085,0.1600523516314648,-0.007733770923247106,0.22814860455438823,8,0.020672648019249708,True
16.10000000000108,0.16002671906155938,-0.007349996184939668,0.22849486197947147,8,0.016163260361388834,True
16.120000000001077,0.1600166580512605,-0.006993480619388456,0.2287660386289068,8,0.015335382531869012,True
16.140000000001073,0.16001903333077308,-0.006683287351164958,0.22895503205582854,8,0.017825528369750453,True
16.16000000000107,0.16003017570203662,-0.006423367152215604,0.22907010513114512,8,0.022268537972836767,True
16.180000000001066,0.1600451300357738,-0.006205783121974062,0.22913986740225176,8,0.027032046730717175,True
16.20000000000106,0.16005947291962536,-0.006014456676510155,0.22919045168927768,8,0.030934509206154384,True
16.220000000001058,0.16007017707675844,-0.005831698180466693,0.22923949784055647,8,0.03326709757916053,True
16.240000000001054,0.16007569515201953,-0.005642317191788562,0.2292990309890753,8,0.03377342592515418,True
16.26000000000105,0.16007048592364492,-0.005410455814349919,0.22937670731428592,8,0.027790168903218705,True
16.280000000001046,0.16005811674053996,-0.005152751651143307,0.22948937869986566,8,0.024138211959879523,True
16.30000000000104,0.16004877145880578,-0.004895850028873633,0.22962570912003408,8,0.02222759437812947,True
16.320000000001038,0.1600429678911302,-0.0046403127797147465,0.22976114889401256,8,0.021141069244556023,True
16.340000000001034,0.16004001320384484,-0.004387564079304306,0.22986887981086646,8,0.020548880180179578,True
16.36000000000103,0.16003913852245974,-0.004138149705626875,0.22993191618871445,8,0.020521814269073634,True
16.380000000001026,0.1600396739260943,-0.0038916278514099173,0.22995676448892613,8,0.020933266422335912,True
16.40000000000102,0.16004101096778844,-0.003646952683770013,0.2299574111157643,8,0.021587149151657315,True
16.420000000001018,0.16003915984856942,-0.003363054340092089,0.22990796976755912,8,0.02030464978719528,True
16.440000000001014,0.16003230643982064,-0.003045094219939472,0.22980978564309346,8,0.01792801159541747,True
16.46000000000101,0.1600323342512078,-0.0028072057441665362,0.22969874411898428,8,0.01920450837890324,True
16.480000000001006,0.1600378234411428,-0.002604538249204736,0.22957971998561466,8,0.022427223161690744,True
16.500000000001002,0.1600461271885731,-0.0024060923487834065,0.22945993979680132,8,0.026107529058928044,True
16.520000000000998,0.1600545840254732,-0.0021977956372792773,0.22934243218598652,8,0.029125563520047405,True
16.540000000000994,0.16006116093798975,-0.001975998634041425,0.22922875148498587,8,0.030860007341034397,True
16.56000000000099,0.16006475149592372,-0.0017415106602865454,0.2291202187468264,8,0.031246026073321657,True
16.580000000000986,0.16006526240598176,-0.0014964371023305095,0.2290177180655502,8,0.030533686850518632,True
16.600000000000982,0.16006329144024561,-0.0012430453702625454,0.2289219091920528,8,0.029140762524280293,True
16.620000000000978,0.16005978653828695,-0.0009836378318455925,0.22883308446950332,8,0.027503864658648826,True
16.640000000000974,0.1600559462308585,-0.0007298306573179686,0.22874918362868465,8,0.02073209181930558,True
16.66000000000097,0.1600440946345292,-0.00053068130374445,0.22865395373517344,8,0.01930393138634492,True
16.680000000000966,0.16003713565777397,-0.00024764916576904537,0.228589030017529,8,0.020233843872784697,True
16.700000000000962,0.16003525362568757,6.706573183304192e-05,0.22853664134675603,8,0.02128436128510589,True
16.720000000000958,0.16003715255772621,0.0003711671839719628,0.22848568744871292,8,0.02244361040987267,True
16.740000000000954,0.16003793683079617,0.0006880417412054734,0.2284168487950162,8,0.02143728677014251,True
16.76000000000095,0.16003316406368007,0.0010140663294562024,0.2283421038697237,8,0.018592060024364056,True
16.780000000000946,0.16003472753354345,0.0012402898601130542,0.22828179944049665,8,0.019545354337326463,True
16.800000000000942,0.16004084347792077,0.0014190930054241329,0.22821313604201632,8,0.02243740527960102,True
16.820000000000938,0.1600487074594432,0.0015818829996680497,0.22811785132005427,8,0.025894224463685254,True
16.840000000000934,0.16005627474138004,0.0017420595725430356,0.2279787054452674,8,0.029322298447833507,True
16.86000000000093,0.16006138423572863,0.0019030176980900158,0.22779233261009724,8,0.031127058866374874,True
16.880000000000926,0.1600632145539164,0.002063296218286971,0.2275699781985697,8,0.031224377936141058,True
16.900000000000922,0.16006228102202177,0.0022205465085340893,0.22732691912216235,8,0.030359175411081876,True
16.92000000000092,0.16005988092839019,0.002373114874218561,0.22707537015059792,8,0.029170269158301693,True
16.940000000000914,0.16005504467631715,0.0024887652920742385,0.2268100805482989,8,0.024176021461002842,True
16.96000000000091,0.16004529252056726,0.0025872008124087275,0.226544231202144,8,0.021819334287877027,True
16.980000000000906,0.16004151189147212,0.002750129704094038,0.2263156725289035,8,0.02288330828558074,True
17.000000000000902,0.16004357863909732,0.0029287841870731537,0.22610348211457365,8,0.025135238874418302,True
17.0200000000009,0.16004934057774653,0.0030934768128496742,0.22589792483799165,8,0.027719899579899922,True
17.040000000000894,0.16005618291782825,0.003246034640140773,0.22568735502408385,8,0.029081261745263983,True
17.06000000000089,0.16005140140292842,0.003457678636902734,0.22542987611877482,8,0.02534623717606004,True
17.080000000000886,0.16005101439534714,0.0035774146040212958,0.22521932137510334,8,0.025774155332708448,True
17.100000000000882,0.1600548776386704,0.003654491560014354,0.22501749319924474,8,0.02821364701500194,True
17.12000000000088,0.16006094957502437,0.0037014671584311536,0.2248185563180105,8,0.030522600680930014,True
17.140000000000875,0.16006731699372842,0.003703302739727015,0.22462538753466305,8,0.031011072137357404,True
17.16000000000087,0.16005417436120173,0.0035949238354047873,0.2243729652086545,8,0.020142702551172155,True
17.180000000000867,0.16004545119581923,0.0035445878937095353,0.22421434674920765,8,0.019561390474420532,True
17.200000000000863,0.1600478771521275,0.003471589713369932,0.22409908780081533,8,0.02384413682932995,True
17.22000000000086,0.16005644566116894,0.003348477409061883,0.22399062684643528,8,0.029137656618713276,True
17.240000000000855,0.1600659316850149,0.003183153843809926,0.2238795344732555,8,0.02763631879739007,True
17.26000000000085,0.16005401505685485,0.003062830100655338,0.22373904077796652,8,0.02095186864517461,True
17.280000000000847,0.16004518279595828,0.0028076726982482246,0.22362852253121157,8,0.023704641934644166,True
17.300000000000843,0.1600451667313772,0.002483028718726141,0.22353616502338278,8,0.02699019568865732,True
17.32000000000084,0.16005056807155815,0.0021477494302613595,0.22344125700202536,8,0.03301007420458857,True
17.340000000000835,0.16004385823380782,0.0016715449044319066,0.22329243311979932,8,0.022402476154443306,True
17.36000000000083,0.16003459610890272,0.001341797407502373,0.2232048449954672,8,0.018198832843949058,True
17.380000000000827,0.16003918581451493,0.0011780837079241211,0.2231381407976193,8,0.021824444535430594,True
17.400000000000823,0.16005202852947986,0.0010665751338687862,0.22306504079699205,8,0.028067754140210528,True
17.42000000000082,0.1600662110340522,0.0009392650471394511,0.22296810548281037,8,0.03425962562145625,True
17.440000000000815,0.160074336775359,0.0007801398988077327,0.2228382701011431,8,0.032175917341538886,True
17.46000000000081,0.1600708550690353,0.0005846897568156017,0.22268409469432796,8,0.03243911636801036,True
17.480000000000807,0.16006274709529938,0.0003168632041200309,0.22252041263433442,8,0.027473674761212097,True
17.500000000000803,0.1600539237962347,3.113181606057068e-05,0.22237688854372106,8,0.026275113035801875,True
17.5200000000008,0.16005290048905346,-0.00023618867190450428,0.22225655656600288,8,0.02787150856461731,True
17.540000000000795,0.16005781859867946,-0.0004852521053879254,0.22215204609698083,8,0.03056616743546495,True
17.56000000000079,0.16006503509557843,-0.0007209731861120804,0.2220733539777697,8,0.025353338112205765,True
17.580000000000787,0.1600493088096845,-0.0009708576685139483,0.22200707886056237,8,0.019673333169122925,True
17.600000000000783,0.16004112837898285,-0.001226948977661019,0.22199384972924777,8,0.020863993067884713,True
17.62000000000078,0.16004383924432883,-0.0014808071416254351,0.22201037044772118,8,0.024942399556198466,True
17.640000000000775,0.16004711381246362,-0.0017516079294203069,0.22205269913444833,8,0.023994599536219047,True
17.66000000000077,0.16004404445178863,-0.0019583119262381967,0.2221140038641737,8,0.01940746575670646,True
17.680000000000767,0.16004367151223325,-0.0021793718946904387,0.22221859142296624,8,0.024599353782572917,True
17.700000000000763,0.1600497895958528,-0.0024678539092119335,0.22233279204453296,8,0.03219830905762185,True
17.72000000000076,0.16004418707409188,-0.0029276530489050524,0.222408332391264,8,0.02202749024486045,True
17.740000000000755,0.16003448751840535,-0.0032668175450863723,0.2225272571590398,8,0.01862665830817459,True
17.76000000000075,0.16003827042760616,-0.003457046815820617,0.22262837674204855,8,0.021800684840403005,True
17.780000000000747,0.16004866340448184,-0.0035260663058625293,0.22266971088555268,8,0.01661401198642009,True
17.800000000000743,0.1600453063389058,-0.003562986579039207,0.22270509030447347,8,0.020580594279578954,True
17.82000000000074,0.1600476994891944,-0.0037980784277657537,0.2228042821214456,8,0.02818439265670052,True
17.840000000000735,0.16005329618504388,-0.0042121731362679184,0.22287534305436035,8,0.029418021995183175,True
17.86000000000073,0.16003791165468628,-0.004726648076291788,0.2229370671742326,8,0.020450688054174108,True
17.880000000000727,0.16003426144409783,-0.005039211004429094,0.22303126123262504,8,0.020584706813748983,True
17.900000000000723,0.16004460156372283,-0.005224973594050063,0.22309543517067054,8,0.025992213107523147,True
17.92000000000072,0.16006128566678612,-0.005373227289159428,0.22313634848434974,8,0.0278463793771095,True
17.940000000000715,0.16006818039918083,-0.005509172512349949,0.223165464536214,8,0.03231862979360987,True
17.96000000000071,0.16007216893558102,-0.00572362864213051,0.22320676228361597,8,0.031642855053493256,True
17.980000000000707,0.1600678218526716,-0.005997757825479406,0.22326265864060732,8,0.03154658871616501,True
18.000000000000703,0.1600648245481575,-0.006261090316619885,0.22332534127764372,8,0.026635626761513785,True
18.0200000000007,0.160059155962128,-0.006504117523248938,0.2234041496832446,8,0.027938869348993995,True
18.040000000000695,0.16005516204984285,-0.006761098303027664,0.22351019084134077,8,0.025018419776285546,True
18.06000000000069,0.16005362262201583,-0.006986710092434292,0.22365459355934944,8,0.027340402385961752,True
18.080000000000688,0.16005753556999336,-0.007154504573637318,0.22381807502140197,8,0.025585264557327313,True
18.100000000000684,0.16005236123471678,-0.00730634142705708,0.22402450099085994,8,0.023714207313312217,True
18.12000000000068,0.16004938108493819,-0.007456634278529387,0.22427705649521007,8,0.026125779852199466,True
18.140000000000676,0.16005385052587418,-0.0075869396026345265,0.22453073395601167,8,0.02481099060460655,True
18.16000000000067,0.16004635551367957,-0.007699030790016385,0.22478953251952766,8,0.021040891221991802,True
18.180000000000668,0.16004113699686714,-0.007825278224406079,0.22507131483636933,8,0.02276769780122003,True
18.200000000000664,0.16004542435575317,-0.007942825145261609,0.22532714510548618,8,0.026107678810844907,True
18.22000000000066,0.16004116732698934,-0.008049407401955281,0.22556274586198197,8,0.01810768452823254,True
18.240000000000656,0.16003555167134384,-0.008168249536769012,0.22582374328602497,8,0.0203244855973398,True
18.26000000000065,0.1600413021005679,-0.008284730220913833,0.22605790425369635,8,0.02499723813749668,True
18.280000000000648,0.1600397196597991,-0.008392773608123672,0.22627092655037775,8,0.018072236817403442,True
18.300000000000644,0.16003666058648697,-0.00851418338592494,0.22651408923097205,8,0.02130431954523294,True
18.32000000000064,0.1600444844165394,-0.008633315924062194,0.22673789512087889,8,0.026675456217490765,True
18.340000000000636,0.16004711028423985,-0.008736615560849613,0.22694270836015015,8,0.02073031918295157,True
18.360000000000632,0.1600447821789082,-0.008767068688527311,0.22699639605696237,8,0.00019129492471466403,False
20.140000000000278,0.1602090222692087,0.011896983818354308,0.23462126351358736,9,0.21847620410206642,True
20.160000000000274,0.16033401255640495,0.011946042868660352,0.23460645613400763,9,0.1911917172662831,True
20.18000000000027,0.16026576824565872,0.011987956958641218,0.23456348364239485,9,0.10083727875776652,True
20.200000000000266,0.16018506039743813,0.012070095539736994,0.23442290301331645,9,0.05538440691160743,True
20.22000000000026,0.1601228765845397,0.012141411073048058,0.23422018038653522,9,0.03532775542065399,True
20.240000000000258,0.1600879409039506,0.012179903392763935,0.2340452012079646,9,0.029865721482074798,True
20.260000000000254,0.16007840613393529,0.01218607834485193,0.23395700147905718,9,0.03062014672253741,True
20.28000000000025,0.16008551985833258,0.01216285343247066,0.23392378970469935,9,0.03757122493597103,True
20.300000000000246,0.16005710649286464,0.012062794437486608,0.23373054337933624,9,0.00762435648295884,False
23.23999999999966,0.16023542724706852,-0.01964361010375963,0.2143927184795641,10,0.2192347326643899,True
23.259999999999657,0.16031019497290264,-0.019719741031170326,0.21420933371322104,10,0.15521003995518426,True
23.279999999999653,0.16022118930360923,-0.019656747915310458,0.21396292715451304,10,0.06789443971388227,True
23.29999999999965,0.16014673723955913,-0.01946484096540972,0.2138704726149777,10,0.042789192906215384,True
23.319999999999645,0.16010597512909333,-0.019186553035984082,0.21390279231597226,10,0.03845231447222435,True
23.33999999999964,0.16008294015828092,-0.018858495714244937,0.21398082663055012,10,0.021841460064436127,True
23.359999999999637,0.16003640724101698,-0.018412987180879862,0.21409440850258768,10,0.013646233170205562,True
23.379999999999633,0.16001700857085682,-0.017982765337173842,0.21422779259156113,10,0.015088500320398456,True
23.39999999999963,0.16002114306214382,-0.01762245272620526,0.21428091801408167,10,0.013762723448157845,True
23.419999999999625,0.16001978808016068,-0.01730196730083304,0.21425186010746036,10,0.017592671885008057,True
23.43999999999962,0.16002411081166287,-0.017016665720150925,0.21417654435503503,10,0.0160688441769876,True
23.459999999999617,0.16003115356327732,-0.01677488544140769,0.21407929182297572,10,0.021686572886519144,True
23.479999999999613,0.16004212349509578,-0.016551783148486085,0.21396699014407747,10,0.017166568698771995,True
23.49999999999961,0.16003606173924523,-0.016331467576748936,0.21384090213140944,10,0.02113166994174964,True
23.519999999999605,0.16004254825924258,-0.016094412445119492,0.21373755718099932,10,0.025478882342628042,True
23.5399999999996,0.16004338289375267,-0.01584685860666442,0.21363389397803914,10,0.022003373619819307,True
23.559999999999597,0.1600355748368518,-0.015597447973942472,0.21355375696872983,10,0.01882172788106083,True
23.579999999999593,0.16004045345401818,-0.01534627624754902,0.2135212894217467,10,0.023809396437132372,True
23.59999999999959,0.16004156978976572,-0.015087170746056942,0.2135083523983844,10,0.020314255158806395,True
23.619999999999585,0.16003618157318245,-0.014842449836455579,0.21352457367441394,10,0.018093998759597812,True
23.63999999999958,0.16004011891867873,-0.014584931022535042,0.21355827696132484,10,0.022968774831471188,True
23.659999999999577,0.16004099605022157,-0.014333238147528321,0.2136067636426636,10,0.020505335115440327,True
23.679999999999573,0.16003649227061617,-0.014077496947766104,0.21369753856775778,10,0.018471135292957575,True
23.69999999999957,0.16003782479981857,-0.013804087382217736,0.21381120247456048,10,0.019745714761875473,True
23.719999999999565,0.16003530848600817,-0.013548133900220256,0.21393568826804177,10,0.02107639424355225,True
23.73999999999956,0.16002937186404498,-0.013286388347645159,0.21406351715268584,10,0.017344592366184155,True
23.759999999999557,0.16002759848551523,-0.013021919059626573,0.21418486311761079,10,0.01501853439957225,True
23.779999999999553,0.16003066186947387,-0.012776050323298005,0.21429350241803055,10,0.01931904812159351,True
23.79999999999955,0.16002962756230693,-0.012511595999382714,0.21438027346567146,10,0.015557951909929424,True
23.819999999999546,0.1600287643693077,-0.012257237841855333,0.21446890046407047,10,0.016734710138226274,True
23.83999999999954,0.16002921315959492,-0.01200534140753685,0.21454432143152027,10,0.01946759130136213,True
23.859999999999538,0.16002638884856082,-0.011750743861375831,0.2146085495835714,10,0.016525369032058045,True
23.879999999999534,0.16003012116133317,-0.011489185367091953,0.21467407910455688,10,0.015878109226099647,True
23.89999999999953,0.16003393667984292,-0.011259704446373685,0.21473853313258803,10,0.01992141118654593,True
23.919999999999526,0.16003342824623493,-0.011017638132941782,0.21480175697525541,10,0.01730842875767789,True
23.93999999999952,0.1600329507743255,-0.010758249425551637,0.21487194991556735,10,0.01814716046451844,True
23.959999999999518,0.16003294606900567,-0.01050326458287072,0.21494364027841567,10,0.020681052333582015,True
23.979999999999514,0.16003178128377246,-0.010255918564560155,0.21501506940639992,10,0.01812804554871702,True
23.99999999999951,0.1600284054436991,-0.009997817709580683,0.21508878325114966,10,0.01563409182187905,True
24.019999999999506,0.1600328427083036,-0.009748039538001022,0.21516897714281513,10,0.023261703057780105,True
24.0399999999995,0.1600372861464896,-0.009502981263970289,0.2152256750673052,10,0.017125988991364978,True
24.059999999999498,0.16003054300102182,-0.009246155185500359,0.21530993765016207,10,0.01725799947850752,True
24.079999999999494,0.16003525918451678,-0.009003489615477266,0.21539087484460523,10,0.021738868593144507,True
24.09999999999949,0.1600376248249372,-0.008753039725483587,0.21546099835294472,10,0.018905966977111666,True
24.119999999999486,0.16003816974698248,-0.008506506679120238,0.21553824201915625,10,0.017464155800109456,True
24.139999999999482,0.1600367116147272,-0.008246340678923164,0.2156164215591614,10,0.022805502820154935,True
24.159999999999478,0.16003880952857857,-0.008000824584593218,0.21568086823065183,10,0.01946428054351059,True
24.179999999999474,0.1600352865193423,-0.007742432873876237,0.21575604112036376,10,0.016689683182622844,True
24.19999999999947,0.16003651224796317,-0.00749724960876453,0.21584052580295401,10,0.023644633423052574,True
24.219999999999466,0.16003832128356357,-0.00724755105665508,0.2159018672639601,10,0.016785751976234026,True
24.239999999999462,0.16003186936351727,-0.006978069651549604,0.21599003349427942,10,0.016703811202780736,True
24.259999999999458,0.1600366957141155,-0.006745097111438802,0.21607418861666317,10,0.024480069097678796,True
24.279999999999454,0.16003824037998482,-0.006404306532279335,0.2161263363950932,10,0.02073910454376711,True
24.29999999999945,0.16003443776253148,-0.006216775729748231,0.21616726025670532,10,0.006702439290835121,True
24.319999999999446,0.1600218113962128,-0.00609258763933563,0.21627446037017647,10,0.014169724616907067,True
24.339999999999442,0.1600299849776371,-0.005831661796248885,0.21639747319144675,10,0.025680905863584312,True
24.359999999999438,0.16004755901887163,-0.005474475171839547,0.2164487700400897,10,0.030986545040493748,True
24.379999999999434,0.1600380792044805,-0.004989777526511315,0.21642758445363708,10,0.013700235775453307,True
24.39999999999943,0.160012521375814,-0.00480259871325986,0.21646382650671467,10,0.001982227257257152,True
24.419999999999426,0.16000572855061002,-0.0046167321181246,0.2165271565654468,10,0.01145192736428845,True
24.439999999999422,0.16002437627010302,-0.004400319059245682,0.21652123231724704,10,0.025138721301585,True
24.459999999999418,0.16005278364969486,-0.004187532897579005,0.21646228232923365,10,0.02901737266846159,True
24.479999999999414,0.16004419592033628,-0.003941768897329038,0.21631210445522825,10,0.020918989202055552,True
24.49999999999941,0.1600453515592783,-0.003694501843142961,0.21618003578357237,10,0.028210550269988005,True
24.519999999999406,0.16005953357805716,-0.003480334535657458,0.21604100540104335,10,0.02897382981304808,True
24.539999999999402,0.1600633226820425,-0.003247513294796143,0.21589089221489566,10,0.034373314068736255,True
24.5599999999994,0.160065859381036,-0.0030218272094463643,0.2157484451333474,10,0.02973196917618052,True
24.579999999999394,0.16006819294333244,-0.0027912813874904226,0.2156348567086739,10,0.027776010055006257,True
24.59999999999939,0.1600596952159937,-0.002539920220583657,0.21553038656663437,10,0.028548238508930165,True
24.619999999999386,0.1600596186700679,-0.0022907559031759717,0.21545589717384067,10,0.025163816839319186,True
24.639999999999382,0.16005616332235403,-0.00203090660320251,0.2153969573638661,10,0.026022732617311684,True
24.65999999999938,0.16004713368878226,-0.0017556607980080004,0.21535209586398912,10,0.02353235230990095,True
24.679999999999374,0.1600408402917428,-0.0014858735862921064,0.2153117892640387,10,0.01919379171270399,True
24.69999999999937,0.1600412548115552,-0.001216058506852483,0.2152802046457915,10,0.02591529937782649,True
24.719999999999366,0.1600355587728434,-0.0009262110277183139,0.21522630607459928,10,0.01590083970608661,True
24.739999999999363,0.16002706659086427,-0.0006588884715417031,0.21519142162081387,10,0.01630325471748042,True
24.75999999999936,0.1600317846079214,-0.0004058325630650877,0.21514416071719974,10,0.021142402706211132,True
24.779999999999355,0.16003190791474356,-0.00015381564680001314,0.21506640779193953,10,0.01300144298144488,True
24.79999999999935,0.16002705887838475,0.00010119694978716473,0.21499415252634851,10,0.02005250545644107,True
24.819999999999347,0.1600391552970336,0.0003520942963112926,0.21491606219597,10,0.025699676574638196,True
24.839999999999343,0.16003750546235485,0.0006183527381261296,0.2148088111360447,10,0.021171957528305186,True
24.85999999999934,0.16003893706271405,0.0008450977731890839,0.2147230993850355,10,0.024146083581999496,True
24.879999999999335,0.16004552113574286,0.0010927615745204935,0.2146334890261041,10,0.02056245177601866,True
24.89999999999933,0.16004184342482314,0.0013501424536253841,0.21453482718197378,10,0.025029672250053477,True
24.919999999999327,0.1600499648287113,0.0015726900777978522,0.21445411874007966,10,0.024937359842298248,True
24.939999999999323,0.16004910049279722,0.0018127074221861135,0.2143646294277871,10,0.025612405412891677,True
24.95999999999932,0.16004977841560716,0.0020714492092797415,0.21428429258125548,10,0.023400744680997537,True
24.979999999999315,0.16004703145955607,0.0023242818825539913,0.21420768705829302,10,0.025212898609036395,True
24.99999999999931,0.16005011727482246,0.002567468385821489,0.2141388254430293,10,0.02399313611351544,True
25.019999999999307,0.16004631386763626,0.002823606130875199,0.2140631111108263,10,0.024082038061075593,True
25.039999999999303,0.16004571499590117,0.003093623124433521,0.21399409194003216,10,0.026314173932419225,True
25.0599999999993,0.16003921637360588,0.0033393005914296864,0.2139151884198422,10,0.017146624936905525,True
25.079999999999295,0.1600382945698868,0.003596607983113217,0.2138598657492773,10,0.025395613308836513,True
25.09999999999929,0.16003835364119148,0.00388443813052814,0.21378162151750096,10,0.01836523495159648,True
25.119999999999287,0.16003747108829122,0.004138938567377383,0.21371875909478832,10,0.02143433136997825,True
25.139999999999283,0.16004621833545854,0.004370703689146739,0.21364889885636454,10,0.027436213439614717,True
25.15999999999928,0.16004966984782157,0.004624706406519587,0.21356266536224597,10,0.025169853412580493,True
25.179999999999275,0.16005567969604462,0.004855595220412448,0.2134955932294085,10,0.02916879908431546,True
25.19999999999927,0.16006136424233325,0.00509114169923526,0.21344698376439694,10,0.028487807050379302,True
25.219999999999267,0.16006073782682784,0.00533291955170263,0.213445311030802,10,0.026801605793841943,True
25.239999999999263,0.1600588440143442,0.005577435870092844,0.21349809067381773,10,0.029501791109569107,True
25.25999999999926,0.16005712911962075,0.005827719529348355,0.21359503875269362,10,0.019680564931311886,True
25.279999999999255,0.16004083724987903,0.006123220269002645,0.21374190777939717,10,0.022721495613635116,True
25.29999999999925,0.16004744248529154,0.006393005471589403,0.21388902072848007,10,0.026379923141760558,True
25.319999999999247,0.16004272205286213,0.006629341418344203,0.21400833842095474,10,0.022136161628659865,True
25.339999999999243,0.160038515581294,0.006900269816778047,0.2141330675813429,10,0.02031562013241545,True
25.35999999999924,0.16004212210041038,0.007156035482153246,0.21423767585474837,10,0.025038227033493645,True
25.379999999999235,0.1600466976262121,0.007401396957044549,0.2143180859470241,10,0.01995972633870982,True
25.39999999999923,0.1600439555878374,0.007652463481728103,0.21438859224594844,10,0.026198820396175163,True
25.419999999999227,0.1600507779329169,0.007903852837295168,0.21444804573700668,10,0.020877541827425756,True
25.439999999999223,0.16004177269276923,0.008157112777709558,0.21451897642091486,10,0.023163442814066456,True
25.45999999999922,0.16005200011315357,0.008408578629373583,0.21459130816606387,10,0.025319350790428293,True
25.479999999999215,0.1600477620491963,0.00864083606734188,0.214647959916491,10,0.0246929503404435,True
25.49999999999921,0.16004949624425013,0.008907393884080298,0.21472256217958055,10,0.021484169704097944,True
25.519999999999207,0.16004579244080477,0.009178270694979732,0.21479556658942672,10,0.026822155135144705,True
25.539999999999203,0.16005012994629772,0.009418520231777024,0.21486725185016342,10,0.021633675884881506,True
25.5599999999992,0.16004445315597907,0.00967783543620172,0.2149485234837553,10,0.024371372750179435,True
25.579999999999195,0.160051855734481,0.009907180813300368,0.21502312908307597,10,0.022651367179594702,True
25.59999999999919,0.1600499892773118,0.010074313028829421,0.2150688929940687,10,0.02111998331531844,True
25.619999999999187,0.16003031548704988,0.010476870160022385,0.21517145617809472,10,0.018855259654927025,True
25.639999999999183,0.16003582776018857,0.01079013029982564,0.21529841878192787,10,0.02785604307031692,True
25.65999999999918,0.1600608521607479,0.01094327747656903,0.2153521465044455,10,0.024504403929596325,True
25.679999999999175,0.1600553471623465,0.01098461017838161,0.21536133081335473,10,0.019396531194192525,True
25.69999999999917,0.16002648231343494,0.011379012097671535,0.21545580273547574,10,0.013469984592665244,True
25.719999999999168,0.16001809419132323,0.01176899376757469,0.21563180689551784,10,0.02040444390355572,True
25.739999999999164,0.16003934711830128,0.012043749646285629,0.21573783237296462,10,0.032354867405366174,True
25.75999999999916,0.1600512075351921,0.012227876064075265,0.21576730109912354,10,0.018079893755652988,True
25.779999999999156,0.16004624509702858,0.01243671352477711,0.21582207995960545,10,0.026434871902364845,True
25.79999999999915,0.1600606383380006,0.012664170990392446,0.2158731836618343,10,0.031114036982941563,True
25.819999999999148,0.16006088378170827,0.012929857676312674,0.2159175984455438,10,0.03195251061349685,True
25.839999999999144,0.16006460093068686,0.013165959693813416,0.21597143909918748,10,0.023502708299764186,True
25.85999999999914,0.1600522528083226,0.013447843506421782,0.21604507161887926,10,0.02770646746162047,True
25.879999999999136,0.1600629369746224,0.01370764129835669,0.21612767686391451,10,0.03333618312002943,True
25.89999999999913,0.16005502822534465,0.013955347350321638,0.21619295551827875,10,0.023534967334165793,True
25.919999999999128,0.1600496724191622,0.014207446294677139,0.216292961047728,10,0.026541257902583954,True
25.939999999999124,0.1600520042489183,0.01447372447225723,0.21637969649992334,10,0.022389123345829876,True
25.95999999999912,0.16004064884630476,0.014727588431237693,0.21643881802000242,10,0.021865182226487288,True
25.979999999999116,0.16005010669114958,0.01497655877447964,0.2164746708086469,10,0.02974266321954196,True
25.999999999999112,0.16004824088989816,0.015229725632372437,0.21644539132885152,10,0.02095586102199759,True
26.019999999999108,0.1600478163728503,0.015495976073329117,0.2164077426226493,10,0.022890366173215975,True
26.039999999999104,0.16004765840331914,0.01576069941775257,0.21633233362594992,10,0.029383325532111444,True
26.0599999999991,0.160056108923511,0.015993934967115226,0.21624536373501962,10,0.022051370607045557,True
26.079999999999096,0.16004744432839238,0.01626961117207763,0.21615195947915722,10,0.0278890324258302,True
26.099999999999092,0.1600556927836079,0.016498726471849655,0.21606964372240173,10,0.028570146629052034,True
26.119999999999088,0.16005222514831305,0.01676074555837155,0.2159711359906493,10,0.027345055074853377,True
26.139999999999084,0.16005453754010032,0.017009814620690913,0.21588399236148245,10,0.028123205933436528,True
26.15999999999908,0.1600557243321602,0.017253862795820585,0.2157886265216139,10,0.02762084981608793,True
26.179999999999076,0.1600546807939556,0.01750889676967157,0.21569142947708506,10,0.027249488854234262,True
26.199999999999072,0.16005619057274412,0.017761164981447336,0.21559404534676044,10,0.02747961265790581,True
26.219999999999068,0.16005762171310128,0.01800152384526439,0.21549625256860222,10,0.027298823162942982,True
26.239999999999064,0.160062580233246,0.01825400475181379,0.21540833406090396,10,0.02955058718678857,True
26.25999999999906,0.16006417760430938,0.018512966852477275,0.21531905628244816,10,0.028311501410040754,True
26.279999999999056,0.1600553054816173,0.01875725502082526,0.2152387843621595,10,0.0283029734976187,True
26.299999999999052,0.16005514205522062,0.019023223440301,0.21518104435173938,10,0.02433334528926774,True
26.319999999999048,0.16004911152892887,0.019278190186161392,0.21512650765477115,10,0.028154433201413212,True
26.339999999999044,0.16005143987242548,0.019336101231026893,0.21511619484709077,10,0.01227119667927563,False
29.299999999998455,0.16018087600681427,-0.016563421400621347,0.21094119672035155,11,0.19517685176149835,True
29.31999999999845,0.16030168759421162,-0.01669972320504934,0.21062175255062024,11,0.17164465599448203,True
29.339999999998447,0.1602209278957685,-0.01669586871237607,0.21035228766750316,11,0.0628522842619114,True
29.359999999998443,0.16014467669823024,-0.016524098136169663,0.21030403614806872,11,0.04411435474642726,True
29.37999999999844,0.16011119315553154,-0.016255524699374625,0.21039187650453442,11,0.042609037579430895,True
29.399999999998435,0.16006754795362452,-0.01586439806628052,0.21053962252519687,11,0.00955722283586414,True
29.41999999999843,0.16001079362675683,-0.015370618629302057,0.21078135966112477,11,0.007768539707388286,True
29.439999999998427,0.16000278326956,-0.014905272878619268,0.21096719070364434,11,0.015446673762284046,True
29.459999999998423,0.1600101351487579,-0.014525648780348057,0.2109632183994157,11,0.0061124614723073135,True
29.47999999999842,0.16000468258176723,-0.014436007512867933,0.21094783659024277,11,0.003545684234954658,True
29.499999999998415,0.16001598309113194,-0.01390289152970241,0.21078881426699142,11,0.024725438338392094,True
29.51999999999841,0.16003711125782125,-0.013713688747935623,0.21061990952917156,11,0.01440950894134357,True
29.539999999998408,0.16003058119359592,-0.013494475120565144,0.21044614485563562,11,0.0222440639802322,True
29.559999999998404,0.16004212272983087,-0.013285860297811253,0.2103040860789324,11,0.023211599585621967,True
29.5799999999984,0.16004653641186278,-0.013092708668307244,0.2101771679099499,11,0.021026522235373102,True
29.599999999998396,0.16004449131767817,-0.012852264466140462,0.21006990151090882,11,0.026621621714945195,True
29.61999999999839,0.16004366669395959,-0.01262625004585972,0.20999254637856926,11,0.017085292073893785,True
29.639999999998388,0.160034631737796,-0.012346276578618594,0.20996815708795757,11,0.020525601315857404,True
29.659999999998384,0.1600390627503514,-0.012120838227257314,0.20996307161184732,11,0.016180518496038233,True
29.67999999999838,0.16003570959486255,-0.011842139052908866,0.20998449024914448,11,0.017959417025225397,True
29.699999999998376,0.16003715089756385,-0.011588532937261205,0.2100265414591995,11,0.01753101891256627,True
29.71999999999837,0.16003627159775546,-0.011314239391277759,0.21010934564391656,11,0.01751742231591646,True
29.739999999998368,0.1600302937438842,-0.011047101071104726,0.21023327620097962,11,0.015511823522648488,True
29.759999999998364,0.16002378202858686,-0.010786361947622105,0.2103787400938111,11,0.016262785919865595,True
29.77999999999836,0.16002471786111674,-0.010514908057229032,0.21051556534463375,11,0.010989793880793705,True
29.799999999998356,0.16002154130212579,-0.010254411216344569,0.2106449937315725,11,0.016765053021345386,True
29.819999999998352,0.16002089352995552,-0.009982870646836641,0.2107417443269685,11,0.012519943329777178,True
29.839999999998348,0.1600234167349569,-0.00972536129542317,0.21083489026060373,11,0.013396430526143744,True
29.859999999998344,0.1600242253814063,-0.00947234114334215,0.21090413781760992,11,0.0172080200869062,True
29.87999999999834,0.16002376702206594,-0.009223136076212899,0.210962500583532,11,0.015598653149828301,True
29.899999999998336,0.1600266192768044,-0.008988982919962113,0.21102557686066048,11,0.019241787030317415,True
29.919999999998332,0.16002935105856111,-0.00874207051000271,0.21107912853732536,11,0.016517641856218186,True
29.939999999998328,0.16002586285954581,-0.008513275111600684,0.21114275583745348,11,0.01833314907563424,True
29.959999999998324,0.160028707280876,-0.008247465563440646,0.21120727965696953,11,0.01772953462634508,True
29.97999999999832,0.16003151677902885,-0.008009734097373565,0.21127856231760542,11,0.018229684886240206,True
29.999999999998316,0.1600317356726839,-0.007746678477157351,0.21135410133554447,11,0.02236776900442574,True
30.019999999998312,0.16002758314955198,-0.007495769222739918,0.21141914931172492,11,0.014802380647430594,True
30.039999999998308,0.16002942153288438,-0.007244134073781576,0.21150407437885668,11,0.018256307775395025,True
30.059999999998304,0.16003657675652325,-0.007005343976378525,0.21157203996481527,11,0.01816708860935555,True
30.0799999999983,0.16003546037081204,-0.00674952244578933,0.2116471173960025,11,0.022193706677950512,True
30.099999999998296,0.16003793344562608,-0.006513056896485208,0.21171812301447143,11,0.014130509804074529,True
30.119999999998292,0.1600301195597022,-0.0062283785227363175,0.21181017151237694,11,0.021668484769343077,True
30.139999999998288,0.16003683786322978,-0.0060153926211718904,0.2118854220859567,11,0.02011665140593103,True
30.159999999998284,0.16002708096368373,-0.005735475378593766,0.21196487425329394,11,0.016218039795283374,True
30.17999999999828,0.16003091769458097,-0.005479885096389107,0.2120565929970196,11,0.022820854909744597,True
30.199999999998276,0.16003314443602498,-0.005230169591008879,0.21212204643526175,11,0.015931661837669434,True
30.219999999998272,0.1600235257503506,-0.004977326152061867,0.2122096936171078,11,0.017030084489177037,True
30.23999999999827,0.16003615155287185,-0.004731091000766375,0.21228554965496724,11,0.019485891865772615,True
30.259999999998264,0.16003443172184836,-0.004481753702446724,0.21234567184317157,11,0.022120663739635137,True
30.27999999999826,0.16003258128904654,-0.00422005264235987,0.21241169589264444,11,0.019763709719554812,True
30.299999999998256,0.16003093762449547,-0.00397966463283808,0.21248809621544307,11,0.017588181278939456,True
30.319999999998252,0.16003841640629016,-0.0037273585222718578,0.21256563592211217,11,0.01900092108947084,True
30.33999999999825,0.16003815586851922,-0.0034667960843483324,0.21263018764936192,11,0.021831868762242204,True
30.359999999998244,0.1600378572596152,-0.003229604964436919,0.21269898321592623,11,0.020216642150863495,True
30.37999999999824,0.1600369350779522,-0.002988413988512243,0.21278047426688707,11,0.018010534159362143,True
30.399999999998236,0.1600387306951868,-0.0027279638279236063,0.21285762729361535,11,0.02010221176222056,True
30.419999999998232,0.16003577259321045,-0.002487228311911397,0.2129174401618621,11,0.01742547590263753,True
30.43999999999823,0.16003435366993085,-0.0022022011202612766,0.21295847198073764,11,0.017089888850146697,True
30.459999999998224,0.16003544253163232,-0.0019642603228177532,0.21296246227007365,11,0.020300221902450122,True
30.47999999999822,0.16003200363102588,-0.0017135114156770137,0.21294540222892477,11,0.019219245477994897,True
30.499999999998217,0.1600306519049696,-0.001442831068030604,0.21291692187930505,11,0.017388181034291916,True
30.519999999998213,0.16003217657928584,-0.0011927709897314332,0.21287621063917464,11,0.02018044608528479,True
30.53999999999821,0.16003178643494936,-0.0009415608033936495,0.21279528001009562,11,0.016334304789228753,True
30.559999999998205,0.1600363404155424,-0.0006993306610609236,0.21270262289446953,11,0.022545637078770966,True
30.5799999999982,0.16003826769430235,-0.0004355380337207268,0.21258058132163607,11,0.0214686825797014,True
30.599999999998197,0.16003814516979453,-0.0001994676494018405,0.21246332494733594,11,0.020722805151504105,True
30.619999999998193,0.16004084104736738,4.869758241637847e-05,0.21235084214583538,11,0.02347566375780798,True
30.63999999999819,0.1600362067345643,0.00032019765446787436,0.21223457224932685,11,0.02262988755326801,True
30.659999999998185,0.16003761385623616,0.0005487914513462623,0.21214433253968706,11,0.01791095121230188,True
30.67999999999818,0.1600398310803798,0.0008241013010879929,0.2120663708716748,11,0.02468547511522687,True
30.699999999998177,0.1600413640320195,0.001056337249170535,0.21198263481728188,11,0.017455138348005474,True
30.719999999998173,0.1600363950548997,0.0013084636915244967,0.2119121324005894,11,0.019457824235631502,True
30.73999999999817,0.16004486187819333,0.0015539881730525836,0.21184796106280598,11,0.024276245861172264,True
30.759999999998165,0.16003818560941427,0.001813016388951495,0.21175919780305008,11,0.02179248218957942,True
30.77999999999816,0.16003650519148993,0.0020758421994328813,0.2116920502380377,11,0.016777353304503653,True
30.799999999998157,0.1600386546745092,0.0023330459855903365,0.2116341197848244,11,0.028189667369326148,True
30.819999999998153,0.16003923745885618,0.00257967929949342,0.21154512627186234,11,0.019782684215202753,True
30.83999999999815,0.16003566919065096,0.0028325283479763465,0.2114787981888152,11,0.02288566091524168,True
30.859999999998145,0.16004041248404058,0.003082502477910593,0.21140959570159967,11,0.01891677990547878,True
30.87999999999814,0.1600398120533094,0.0033371748970469073,0.2113344755202668,11,0.024172385369253632,True
30.899999999998137,0.16004430687497812,0.003573421005977952,0.21125179562500107,11,0.02299122444510068,True
30.919999999998133,0.1600415455137786,0.003820939853330629,0.21117118864435905,11,0.02039701702393382,True
30.93999999999813,0.16004879521451632,0.0040641819821927265,0.21110276946628134,11,0.025945424210724388,True
30.959999999998125,0.16004238731881806,0.00432377466295036,0.21100916881120482,11,0.023682656677404698,True
30.97999999999812,0.1600411038702634,0.004586077151644992,0.21093944657996477,11,0.018999555520530276,True
30.999999999998117,0.16004257153233625,0.004849339764757791,0.2108693485797672,11,0.025534551454168095,True
31.019999999998113,0.16003885777035423,0.005100954481325205,0.2107869178495549,11,0.021549211573361437,True
31.03999999999811,0.16003384073944615,0.005352165961549962,0.2107174241515804,11,0.019593793032513962,True
31.059999999998105,0.16004412689861786,0.005603532676425372,0.2106487250800898,11,0.023331177590732947,True
31.0799999999981,0.1600431108542157,0.005858539033085436,0.210560409286777,11,0.02703622382714927,True
31.099999999998097,0.16003847010938493,0.006112363611732585,0.21047432084470413,11,0.0194923859513467,True
31.119999999998093,0.16004418801876807,0.00637458163354626,0.210405202144229,11,0.025105486405183824,True
31.13999999999809,0.16004716252140128,0.006546182288634135,0.2103202549536732,11,0.02645672531390206,True
31.159999999998085,0.1600583765371733,0.006846690174229292,0.21020980763036223,11,0.03316057942102674,True
31.17999999999808,0.1600505220143958,0.007188769303405117,0.21008355895543984,11,0.01788069452135022,True
31.199999999998077,0.16003644585531715,0.007341356329654435,0.21005438949613126,11,0.017376940628535648,True
31.219999999998073,0.16004538705402352,0.007560406592313939,0.21003458044768647,11,0.027648499147661782,True
31.23999999999807,0.16005093617043423,0.007854408063267187,0.20999001257123895,11,0.018254307998756734,True
31.259999999998065,0.16004239892255373,0.008161094825372226,0.20999353095690593,11,0.02808172457296939,True
31.27999999999806,0.16005557042749274,0.008412827851148998,0.21002542938962634,11,0.02102888236176155,True
31.299999999998057,0.16003573378787536,0.008685058096736637,0.21010256598222235,11,0.01937964139891799,True
31.319999999998053,0.1600468051119502,0.008934379250966996,0.2102200865005245,11,0.026905201503700082,True
31.33999999999805,0.16004481348710953,0.009157497529749386,0.21031460084984951,11,0.022304516688200635,True
31.359999999998045,0.16003675435846143,0.009426232419334733,0.2104381382066024,11,0.020777964000551857,True
31.37999999999804,0.16004146447040163,0.009663014927347483,0.21055452025385363,11,0.024546946726330298,True
31.399999999998037,0.1600417904297546,0.009903971066071882,0.2106480068201061,11,0.02310561693958691,True
31.419999999998034,0.160035644684714,0.010151628887906706,0.2107443427596197,11,0.020840337466993503,True
31.43999999999803,0.1600399909515374,0.010411204224093048,0.2108271536676213,11,0.02193549781904237,True
31.459999999998026,0.1600448107621872,0.010655295734760378,0.21089416748806328,11,0.025503508211784813,True
31.47999999999802,0.1600444126896012,0.010919268228247474,0.21094962780416915,11,0.01643008221229531,True
31.499999999998018,0.16004110269177735,0.011179141600488876,0.21103243193402807,11,0.028580799351215852,True
31.519999999998014,0.16004760236852755,0.01141391018067815,0.2110887031102671,11,0.01627673820245784,True
31.53999999999801,0.16003878706687238,0.011694436960339286,0.21117324262592715,11,0.026423055263179892,True
31.559999999998006,0.16004602388911848,0.011914105125799792,0.21123776316618395,11,0.01862128475791181,True
31.579999999998,0.1600461200985172,0.012177436001044942,0.211317035660698,11,0.023922602437241283,True
31.599999999997998,0.1600509058916152,0.012417869642644054,0.21137812386049398,11,0.023013410236750343,True
31.619999999997994,0.1600476728563647,0.012687830392413899,0.21144868264208974,11,0.025472091866448287,True
31.63999999999799,0.16004655570014306,0.012933785162688305,0.21152148541694332,11,0.020299722650571544,True
31.659999999997986,0.16004821793884041,0.013178923142727955,0.21160794838925293,11,0.025748637108807208,True
31.67999999999798,0.16005085962075113,0.013421741501769323,0.21167492781596967,11,0.020372407079935092,True
31.699999999997978,0.16004736909872408,0.01369187912549591,0.21175925221216074,11,0.023797577317291055,True
31.719999999997974,0.16005023035328997,0.013934500514530629,0.21183315087759882,11,0.02362528146967064,True
31.73999999999797,0.16004790320299334,0.01418128912215393,0.21191398094509,11,0.02290951398391783,True
31.759999999997966,0.16004474654838186,0.014446736580209122,0.21199123438476378,11,0.021439545147663015,True
31.779999999997962,0.16004460851129068,0.014701625126205655,0.21207491446924612,11,0.02517434992281175,True
31.799999999997958,0.1600457318635138,0.014962864004882965,0.21215095064731096,11,0.02073845002197522,True
31.819999999997954,0.1600367825704979,0.015210593906366286,0.21223938969317027,11,0.023442400414889968,True
31.83999999999795,0.1600451233513058,0.015478774787031307,0.2123139191887779,11,0.021069281112328624,True
31.859999999997946,0.16004533175164068,0.01571140804339575,0.21238543832632367,11,0.026104234798376477,True
31.879999999997942,0.16004599016026907,0.01597945172557682,0.21245017968425564,11,0.020551853506467717,True
31.899999999997938,0.1600454153594458,0.016228008486359382,0.21252922776207306,11,0.030331657052931425,True
31.919999999997934,0.16004608080213642,0.016487574847353307,0.2125901077794247,11,0.01999452121335315,True
31.93999999999793,0.16003578963647982,0.01673984089252601,0.21267994196082132,11,0.0234031334120733,True
31.959999999997926,0.16004518313877164,0.01700758790356868,0.212756653355619,11,0.021674482420411305,True
31.979999999997922,0.16004728941064256,0.017236000766939687,0.2128281739923755,11,0.027452942194250186,True
31.999999999997918,0.1600494723068001,0.017293452305013463,0.2128420282435538,11,0.008568221227086628,False
