id,group,quantity,unit,item,candidate_or_reference,specification,disposition,status,required_evidence,source,measured_mass_kg,measured_com_m,measured_inertia_kg_m2,hardware_released
ARM-M1,arm,1,each,Base-yaw actuator,A/B: XL330-M288-T,J1 output and TTL/VDD/GND; provisional ID 21,NEW_ARM_PART_CANDIDATE,Candidate not qualified,Purchased label; firmware; actual ID; horn and case drawings; continuous torque-speed-thermal evidence,docs/microduck-arm-v1c/ENGINEERING-BOM.csv#M1,,,,False
ARM-M2,arm,1,each,Shoulder-pitch actuator,A/B: XL330-M288-T,J2 output and TTL/VDD/GND; provisional ID 22,NEW_ARM_PART_CANDIDATE,Candidate not qualified,Purchased label; firmware; actual ID; horn and case drawings; >=3x continuous torque margin,docs/microduck-arm-v1c/ENGINEERING-BOM.csv#M2,,,,False
ARM-M3,arm,1,each,Elbow-pitch actuator,A/B: XL330-M288-T,J3 output and TTL/VDD/GND; provisional ID 23,NEW_ARM_PART_CANDIDATE,Candidate not qualified,Purchased label; firmware; actual ID; horn and case drawings; continuous torque-speed-thermal evidence,docs/microduck-arm-v1c/ENGINEERING-BOM.csv#M3,,,,False
ARM-M4,arm,1,each,Wrist-pitch actuator,A: XL330-M288-T; B: XL330-M077-T,J4 output and TTL/VDD/GND; provisional ID 24,NEW_ARM_PART_CANDIDATE,A/B comparison required,Purchased identity; output inertia/backdrive; matched tracking energy thermal and disturbance tests,docs/microduck-arm-v1c/ENGINEERING-BOM.csv#M4,,,,False
ARM-M5,arm,1,each,Gripper actuator,A: XL330-M288-T; B: XL330-M077-T,Driven jaw gear and TTL/VDD/GND; provisional ID 25,NEW_ARM_PART_CANDIDATE,A/B comparison required,Purchased identity; grip cycle thermal test; stall protection; matched energy and disturbance tests,docs/microduck-arm-v1c/ENGINEERING-BOM.csv#M5,,,,False
ARM-IF-TRUNK,arm,1,each,Arm cartridge to trunk load interface,TBD part number,Mount position [15 0 40] mm in inherited model; physical datum and fastener pattern TBD,NEW_ARM_PART_CANDIDATE,Blocked,Measured robot interface; released datums; material; tolerances; fastener preload; fixture and trunk load review,docs/microduck-arm-v1c/ENGINEERING-BOM.csv#IF-TRUNK,,,,False
ARM-BR-J1,arm,1,each,Base-yaw bearing bracket,TBD part number,Supports J1 shaft reaction independently of motor output bearing,NEW_ARM_PART_CANDIDATE,Concept only,Section/material; two-plane support; bearing seats; fastener pattern; FEA or hand calculation; proof load,docs/microduck-arm-v1c/ENGINEERING-BOM.csv#BR-J1,,,,False
ARM-BR-J2,arm,1,each,Shoulder clevis or dual-side bracket,TBD part number,Transfers J2 moment from upper link into J1 carrier,NEW_ARM_PART_CANDIDATE,Concept only,Real servo geometry; dual-side reaction path; bearing selection; spacer stack; joint retention,docs/microduck-arm-v1c/ENGINEERING-BOM.csv#BR-J2,,,,False
ARM-BR-J3,arm,1,each,Elbow clevis or dual-side bracket,TBD part number,Transfers forearm load into upper link and J3 actuator,NEW_ARM_PART_CANDIDATE,Concept only,Real servo geometry; bearing support; section/material; tolerance stack; proof load,docs/microduck-arm-v1c/ENGINEERING-BOM.csv#BR-J3,,,,False
ARM-BR-J4,arm,1,each,Wrist carrier,TBD part number,Supports independent wrist shaft and gripper module,NEW_ARM_PART_CANDIDATE,Concept only,Bearing spacing; shaft shoulder; retention; cable passage; wrist/gripper interference test,docs/microduck-arm-v1c/ENGINEERING-BOM.csv#BR-J4,,,,False
ARM-LINK-U,arm,1,each,Shoulder-to-elbow structural link,TBD part number,"55 mm nominal joint-axis distance; rendered link feather is decorative, not another load-bearing link",NEW_ARM_PART_CANDIDATE,Concept only,Material/process; cross-section; actual axis datums; bending/torsion calculation; proof load,docs/microduck-arm-v1c/ENGINEERING-BOM.csv#LINK-U,,,,False
ARM-LINK-F,arm,1,each,Elbow-to-wrist structural link,TBD part number,50 mm nominal joint-axis distance; 55 + 50 + 55 = 160 mm geometric reach in tennis configuration,NEW_ARM_PART_CANDIDATE,Concept only,Material/process; cross-section; actual axis datums; bending/torsion calculation; proof load,docs/microduck-arm-v1c/ENGINEERING-BOM.csv#LINK-F,,,,False
ARM-WR-CARRIER,arm,1,each,Independent wrist transmission carrier,TBD part number,J4 shaft/bearings and M4 horn interface; not the jaw transmission,NEW_ARM_PART_CANDIDATE,Concept only,Released shaft drawing; bearing fits; horn coupling; torsional stiffness; cable clearance,docs/microduck-arm-v1c/ENGINEERING-BOM.csv#WR-CARRIER,,,,False
ARM-HORN-J1,arm,1,each,Servo output horn or hub for J1,TBD exact manufacturer part,Motor spline to J1 shaft/carrier,NEW_ARM_PART_CANDIDATE,Blocked,Manufacturer part number; spline identity; screw; pilot; bolt circle; allowable torque; fit inspection,docs/microduck-arm-v1c/ENGINEERING-BOM.csv#HORN-J1,,,,False
ARM-HORN-J2,arm,1,each,Servo output horn or hub for J2,TBD exact manufacturer part,Motor spline to upper link,NEW_ARM_PART_CANDIDATE,Blocked,Manufacturer part number; spline identity; screw; pilot; bolt circle; allowable torque; fit inspection,docs/microduck-arm-v1c/ENGINEERING-BOM.csv#HORN-J2,,,,False
ARM-HORN-J3,arm,1,each,Servo output horn or hub for J3,TBD exact manufacturer part,Motor spline to forearm link,NEW_ARM_PART_CANDIDATE,Blocked,Manufacturer part number; spline identity; screw; pilot; bolt circle; allowable torque; fit inspection,docs/microduck-arm-v1c/ENGINEERING-BOM.csv#HORN-J3,,,,False
ARM-HORN-J4,arm,1,each,Servo output horn or hub for J4,TBD exact manufacturer part,Motor spline to wrist shaft,NEW_ARM_PART_CANDIDATE,Blocked,Manufacturer part number; spline identity; screw; pilot; bolt circle; allowable torque; fit inspection,docs/microduck-arm-v1c/ENGINEERING-BOM.csv#HORN-J4,,,,False
ARM-SHAFT-J1,arm,1,each,Base-yaw structural shaft,TBD part number,BR-J1 bearings; HORN-J1 coupling; axial retention,NEW_ARM_PART_CANDIDATE,Blocked,Diameter/material; shoulder geometry; fit; runout; retention; shear/bending/fatigue calculation,docs/microduck-arm-v1c/ENGINEERING-BOM.csv#SHAFT-J1,,,,False
ARM-SHAFT-J2,arm,1,each,Shoulder structural shaft,TBD part number,BR-J2 bearings; HORN-J2 coupling; axial retention,NEW_ARM_PART_CANDIDATE,Blocked,Diameter/material; fit; runout; retention; bending/fatigue calculation,docs/microduck-arm-v1c/ENGINEERING-BOM.csv#SHAFT-J2,,,,False
ARM-SHAFT-J3,arm,1,each,Elbow structural shaft,TBD part number,BR-J3 bearings; HORN-J3 coupling; axial retention,NEW_ARM_PART_CANDIDATE,Blocked,Diameter/material; fit; runout; retention; bending/fatigue calculation,docs/microduck-arm-v1c/ENGINEERING-BOM.csv#SHAFT-J3,,,,False
ARM-SHAFT-J4,arm,1,each,Wrist structural shaft,TBD part number,WR-CARRIER bearings; HORN-J4 coupling; axial retention,NEW_ARM_PART_CANDIDATE,Blocked,Diameter/material; fit; runout; retention; torsion/fatigue calculation,docs/microduck-arm-v1c/ENGINEERING-BOM.csv#SHAFT-J4,,,,False
ARM-BRG-J1,arm,2,each,Base-yaw radial/axial reaction bearings,TBD exact part,SHAFT-J1 and BR-J1 seats,NEW_ARM_PART_CANDIDATE,Blocked,Bearing type/part number; load ratings; fits; preload/endplay; lubrication; contamination review,docs/microduck-arm-v1c/ENGINEERING-BOM.csv#BRG-J1,,,,False
ARM-BRG-J2,arm,2,each,Shoulder radial/axial reaction bearings,TBD exact part,SHAFT-J2 and BR-J2 seats,NEW_ARM_PART_CANDIDATE,Blocked,Bearing type/part number; load ratings; fits; preload/endplay; lubrication; contamination review,docs/microduck-arm-v1c/ENGINEERING-BOM.csv#BRG-J2,,,,False
ARM-BRG-J3,arm,2,each,Elbow radial/axial reaction bearings,TBD exact part,SHAFT-J3 and BR-J3 seats,NEW_ARM_PART_CANDIDATE,Blocked,Bearing type/part number; load ratings; fits; preload/endplay; lubrication; contamination review,docs/microduck-arm-v1c/ENGINEERING-BOM.csv#BRG-J3,,,,False
ARM-BRG-J4,arm,2,each,Wrist radial/axial reaction bearings,TBD exact part,SHAFT-J4 and WR-CARRIER seats,NEW_ARM_PART_CANDIDATE,Blocked,Bearing type/part number; load ratings; fits; preload/endplay; lubrication; contamination review,docs/microduck-arm-v1c/ENGINEERING-BOM.csv#BRG-J4,,,,False
ARM-SPACER-J1,arm,1,set,Base-yaw bearing and horn spacing,TBD part number,J1 axial stack,NEW_ARM_PART_CANDIDATE,Blocked,Material; thicknesses; flatness; tolerance stack; no bearing side-load evidence,docs/microduck-arm-v1c/ENGINEERING-BOM.csv#SPACER-J1,,,,False
ARM-SPACER-J2,arm,1,set,Shoulder bearing and horn spacing,TBD part number,J2 axial stack,NEW_ARM_PART_CANDIDATE,Blocked,Material; thicknesses; flatness; tolerance stack; no bearing side-load evidence,docs/microduck-arm-v1c/ENGINEERING-BOM.csv#SPACER-J2,,,,False
ARM-SPACER-J3,arm,1,set,Elbow bearing and horn spacing,TBD part number,J3 axial stack,NEW_ARM_PART_CANDIDATE,Blocked,Material; thicknesses; flatness; tolerance stack; no bearing side-load evidence,docs/microduck-arm-v1c/ENGINEERING-BOM.csv#SPACER-J3,,,,False
ARM-SPACER-J4,arm,1,set,Wrist bearing and horn spacing,TBD part number,J4 axial stack,NEW_ARM_PART_CANDIDATE,Blocked,Material; thicknesses; flatness; tolerance stack; no bearing side-load evidence,docs/microduck-arm-v1c/ENGINEERING-BOM.csv#SPACER-J4,,,,False
ARM-RET-J1-J4,arm,1,set,Shaft nuts/circlips/retainers,TBD part numbers,J1-J4 axial retention,NEW_ARM_PART_CANDIDATE,Blocked,Retention method; groove/thread drawings; locking method; service procedure; pull-off test,docs/microduck-arm-v1c/ENGINEERING-BOM.csv#RET-J1-J4,,,,False
ARM-FAST-STRUCT,arm,1,set,Structural screws/nuts/inserts/washers,TBD part numbers,Mount/brackets/links/covers,NEW_ARM_PART_CANDIDATE,Blocked,Material/grade; lengths; engagement; torque; locking; access; reuse policy; proof load,docs/microduck-arm-v1c/ENGINEERING-BOM.csv#FAST-STRUCT,,,,False
ARM-GR-GEAR-L,arm,1,each,Driven gripper gear,TBD part number,Candidate m=1 mm; z=24; 24 mm equal-gear center distance,NEW_ARM_PART_CANDIDATE,Release blocked,Material; pressure angle; face width; profile shift; backlash; strength; wear; retention; drawing,docs/microduck-arm-v1c/ENGINEERING-BOM.csv#GR-GEAR-L,,,,False
ARM-GR-GEAR-R,arm,1,each,Passive gripper gear,TBD part number,Candidate m=1 mm; z=24; ratio -1; 24 mm center distance,NEW_ARM_PART_CANDIDATE,Release blocked,Material; pressure angle; face width; profile shift; backlash; strength; wear; retention; drawing,docs/microduck-arm-v1c/ENGINEERING-BOM.csv#GR-GEAR-R,,,,False
ARM-GR-SHAFT-L,arm,1,each,Driven jaw shaft,TBD part number,GR-GEAR-L; left jaw; bearings; M5 transmission,NEW_ARM_PART_CANDIDATE,Blocked,Diameter/material; bearing fits; gear/horn attachment; torsion; retention; pinch review,docs/microduck-arm-v1c/ENGINEERING-BOM.csv#GR-SHAFT-L,,,,False
ARM-GR-SHAFT-R,arm,1,each,Passive jaw shaft,TBD part number,GR-GEAR-R; right jaw; bearings,NEW_ARM_PART_CANDIDATE,Blocked,Diameter/material; bearing fits; gear attachment; torsion; retention; pinch review,docs/microduck-arm-v1c/ENGINEERING-BOM.csv#GR-SHAFT-R,,,,False
ARM-GR-BRG-L,arm,2,each,Driven jaw shaft bearings,TBD exact part,GR-SHAFT-L and gripper housing,NEW_ARM_PART_CANDIDATE,Blocked,Part number; ratings; fits; endplay/preload; debris protection; cycle test,docs/microduck-arm-v1c/ENGINEERING-BOM.csv#GR-BRG-L,,,,False
ARM-GR-BRG-R,arm,2,each,Passive jaw shaft bearings,TBD exact part,GR-SHAFT-R and gripper housing,NEW_ARM_PART_CANDIDATE,Blocked,Part number; ratings; fits; endplay/preload; debris protection; cycle test,docs/microduck-arm-v1c/ENGINEERING-BOM.csv#GR-BRG-R,,,,False
ARM-GR-TRANS,arm,1,each,Independent M5-to-driven-jaw transmission,TBD horn/coupler part numbers,M5 spline to GR-SHAFT-L; separate from wrist shaft,NEW_ARM_PART_CANDIDATE,Blocked,Topology; horn/coupler identity; torque path; alignment; backlash; overload behavior; guard,docs/microduck-arm-v1c/ENGINEERING-BOM.csv#GR-TRANS,,,,False
ARM-JAW-L,arm,1,each,Wide tennis jaw L: integral bridge/stem and pad carrier,Custom wide_candidate; replaces narrow 30 mm jaw; no extra jaw ordered,"75 mm open pad gap; bridge [0.012, 0.031, 0.003] m; stem [0.033, 0.008, 0.003] m; pad center X=48 mm; TCP=55 mm; existing 24 mm gear axis spacing; dimensions are simulation only",NEW_ARM_PART_CANDIDATE,Concept only,Material/section; fasteners; stiffness; contact geometry; pinch edges; proof load; wider-finger bending; ground reach; 58 g load and grip qualification,hardware/microduck-arm-v1c/experiments/tennis-return.json#wide_gripper_candidate,,,,False
ARM-JAW-R,arm,1,each,Wide tennis jaw R: integral bridge/stem and pad carrier,Custom wide_candidate; replaces narrow 30 mm jaw; no extra jaw ordered,"75 mm open pad gap; bridge [0.012, 0.031, 0.003] m; stem [0.033, 0.008, 0.003] m; pad center X=48 mm; TCP=55 mm; existing 24 mm gear axis spacing; dimensions are simulation only",NEW_ARM_PART_CANDIDATE,Concept only,Material/section; fasteners; stiffness; contact geometry; pinch edges; proof load; wider-finger bending; ground reach; 58 g load and grip qualification,hardware/microduck-arm-v1c/experiments/tennis-return.json#wide_gripper_candidate,,,,False
ARM-PAD-L,arm,1,each,Left rectangular contact pad,TBD material/part,24 x 5 x 8 mm modeled envelope on JAW-L,NEW_ARM_PART_CANDIDATE,Model only,Measured dimensions; material; durometer; friction; compression curve/contact stiffness; adhesive/retention; wear,docs/microduck-arm-v1c/ENGINEERING-BOM.csv#PAD-L,,,,False
ARM-PAD-R,arm,1,each,Right rectangular contact pad,TBD material/part,24 x 5 x 8 mm modeled envelope on JAW-R,NEW_ARM_PART_CANDIDATE,Model only,Measured dimensions; material; durometer; friction; compression curve/contact stiffness; adhesive/retention; wear,docs/microduck-arm-v1c/ENGINEERING-BOM.csv#PAD-R,,,,False
ARM-HARNESS-ARM,arm,1,set,Five-actuator VDD/GND/DATA harness,TBD part numbers,TTL multidrop and protected 5 V branches,NEW_ARM_PART_CANDIDATE,Blocked,Pinout; wire gauge/temp/flex; connector identity; polarity keying; strain relief; continuity; bend life,docs/microduck-arm-v1c/ENGINEERING-BOM.csv#HARNESS-ARM,,,,False
ARM-CTRL-BENCH,arm,1,each,Bench communication controller,U2D2 or equivalent study,Host USB to arm TTL only,BENCH_ONLY,Bench candidate,Exact hardware; driver/firmware; galvanic and ground review; stable enumeration; watchdog integration,docs/microduck-arm-v1c/ENGINEERING-BOM.csv#CTRL-BENCH,,,,False
ARM-CTRL-MOBILE,arm,1,each,Mobile arm controller,TBD,Robot compute to arm TTL and safety chain,NEW_ARM_PART_CANDIDATE,No approved candidate,Architecture; compute budget; protocol; isolation; mounting; software ownership; failure behavior,docs/microduck-arm-v1c/ENGINEERING-BOM.csv#CTRL-MOBILE,,,,False
ARM-PSU-BENCH,arm,1,each,External regulated 5 V bench source,TBD exact model,Default qualification source through protection and disconnect,BENCH_ONLY,Required but unselected,Voltage/current/transient capability; current limiting; grounding; enclosure; calibration; test setup approval,docs/microduck-arm-v1c/ENGINEERING-BOM.csv#PSU-BENCH,,,,False
ARM-REG-SHARED,arm,1,each,Shared-main-pack arm regulator,TBD buck or buck-boost,Robot pack to protected 5 V arm domain,POWER_ARCHITECTURE_OPTION_NOT_ADDITIVE,Study only,Measured pack min/max/transients; topology decision; reverse-current and regenerative behavior; thermal/EMI test,docs/microduck-arm-v1c/ENGINEERING-BOM.csv#REG-SHARED,,,,False
ARM-PACK-ARM,arm,1,each,Dedicated arm pack,TBD chemistry/cells/capacity,Pack/BMS/charger to protected arm regulator,POWER_ARCHITECTURE_OPTION_NOT_ADDITIVE,Study only,Qualified pack; BMS; charger; enclosure; transport; fault current; runtime; connector; thermal evidence,docs/microduck-arm-v1c/ENGINEERING-BOM.csv#PACK-ARM,,,,False
ARM-F-MAIN,arm,1,each,Main arm feeder protection,TBD exact part,Source to arm disconnect/regulator,NEW_ARM_PART_CANDIDATE,Blocked,Rating/curve; interrupt capability; conductor/connector coordination; measured startup and fault transients,docs/microduck-arm-v1c/ENGINEERING-BOM.csv#F-MAIN,,,,False
ARM-F-BRANCH,arm,5,each,Per-actuator branch protection,TBD exact parts,Protected 5 V to M1-M5,PROTECTION_TRADE_STUDY_NOT_SELECTED,Blocked,Rating/curve; nuisance-trip test; branch fault isolation; wire/connector coordination,docs/microduck-arm-v1c/ENGINEERING-BOM.csv#F-BRANCH,,,,False
ARM-SW-DISCONNECT,arm,1,each,Manual DC-rated arm disconnect,TBD exact part,Removes arm actuator VDD without commanding motion,NEW_ARM_PART_CANDIDATE,Blocked,Voltage/current/interrupt rating; accessible placement; open/reset test; no automatic re-arm,docs/microduck-arm-v1c/ENGINEERING-BOM.csv#SW-DISCONNECT,,,,False
ARM-ESTOP,arm,1,each,Physical emergency-stop function,TBD architecture/part,Independent motion-authority removal chain,NEW_ARM_PART_CANDIDATE,Unreleased,Hazard analysis; architecture; device/contact ratings; reset behavior; validation; labeling,docs/microduck-arm-v1c/ENGINEERING-BOM.csv#ESTOP,,,,False
BASE-ankle_left,microduck_base,1,each,ankle_left,Existing MicroDuck part; matching source mesh (not a machining drawing),Counted once per visual mesh instance; collision copies excluded,REUSE_EXISTING_ASSEMBLY_SUBPART,CANDIDATE_UNQUALIFIED,Inspect installed part and drawing revision; dimensions/material/fasteners need physical audit,rlx/rlx/mjlab_microduck/robot/microduck/assets/ankle_left.stl,,,,False
BASE-ankle_right,microduck_base,1,each,ankle_right,Existing MicroDuck part; matching source mesh (not a machining drawing),Counted once per visual mesh instance; collision copies excluded,REUSE_EXISTING_ASSEMBLY_SUBPART,CANDIDATE_UNQUALIFIED,Inspect installed part and drawing revision; dimensions/material/fasteners need physical audit,rlx/rlx/mjlab_microduck/robot/microduck/assets/ankle_right.stl,,,,False
BASE-banana_pcb_locker,microduck_base,1,each,banana_pcb_locker,Existing MicroDuck part; matching source mesh (not a machining drawing),Counted once per visual mesh instance; collision copies excluded,REUSE_EXISTING_ASSEMBLY_SUBPART,CANDIDATE_UNQUALIFIED,Inspect installed part and drawing revision; dimensions/material/fasteners need physical audit,rlx/rlx/mjlab_microduck/robot/microduck/assets/banana_pcb_locker.stl,,,,False
BASE-bearing_roll,microduck_base,2,each,bearing_roll,Existing MicroDuck part; matching source mesh (not a machining drawing),Counted once per visual mesh instance; collision copies excluded,REUSE_EXISTING_ASSEMBLY_SUBPART,CANDIDATE_UNQUALIFIED,Inspect installed part and drawing revision; dimensions/material/fasteners need physical audit,rlx/rlx/mjlab_microduck/robot/microduck/assets/bearing_roll.stl,,,,False
BASE-foot_left,microduck_base,1,each,foot_left,Existing MicroDuck part; matching source mesh (not a machining drawing),Counted once per visual mesh instance; collision copies excluded,REUSE_EXISTING_ASSEMBLY_SUBPART,CANDIDATE_UNQUALIFIED,Inspect installed part and drawing revision; dimensions/material/fasteners need physical audit,rlx/rlx/mjlab_microduck/robot/microduck/assets/foot_left.stl,,,,False
BASE-foot_right,microduck_base,1,each,foot_right,Existing MicroDuck part; matching source mesh (not a machining drawing),Counted once per visual mesh instance; collision copies excluded,REUSE_EXISTING_ASSEMBLY_SUBPART,CANDIDATE_UNQUALIFIED,Inspect installed part and drawing revision; dimensions/material/fasteners need physical audit,rlx/rlx/mjlab_microduck/robot/microduck/assets/foot_right.stl,,,,False
BASE-hip_l,microduck_base,2,each,hip_l,Existing MicroDuck part; matching source mesh (not a machining drawing),Counted once per visual mesh instance; collision copies excluded,REUSE_EXISTING_ASSEMBLY_SUBPART,CANDIDATE_UNQUALIFIED,Inspect installed part and drawing revision; dimensions/material/fasteners need physical audit,rlx/rlx/mjlab_microduck/robot/microduck/assets/hip_l.stl,,,,False
BASE-left_shell,microduck_base,1,each,left_shell,Existing MicroDuck part; matching source mesh (not a machining drawing),Counted once per visual mesh instance; collision copies excluded,REUSE_EXISTING_ASSEMBLY_SUBPART,CANDIDATE_UNQUALIFIED,Inspect installed part and drawing revision; dimensions/material/fasteners need physical audit,rlx/rlx/mjlab_microduck/robot/microduck/assets/left_shell.stl,,,,False
BASE-leg,microduck_base,2,each,leg,Existing MicroDuck part; matching source mesh (not a machining drawing),Counted once per visual mesh instance; collision copies excluded,REUSE_EXISTING_ASSEMBLY_SUBPART,CANDIDATE_UNQUALIFIED,Inspect installed part and drawing revision; dimensions/material/fasteners need physical audit,rlx/rlx/mjlab_microduck/robot/microduck/assets/leg.stl,,,,False
BASE-power_support,microduck_base,1,each,power_support,Existing MicroDuck part; matching source mesh (not a machining drawing),Counted once per visual mesh instance; collision copies excluded,REUSE_EXISTING_ASSEMBLY_SUBPART,CANDIDATE_UNQUALIFIED,Inspect installed part and drawing revision; dimensions/material/fasteners need physical audit,rlx/rlx/mjlab_microduck/robot/microduck/assets/power_support.stl,,,,False
BASE-right_shell,microduck_base,1,each,right_shell,Existing MicroDuck part; matching source mesh (not a machining drawing),Counted once per visual mesh instance; collision copies excluded,REUSE_EXISTING_ASSEMBLY_SUBPART,CANDIDATE_UNQUALIFIED,Inspect installed part and drawing revision; dimensions/material/fasteners need physical audit,rlx/rlx/mjlab_microduck/robot/microduck/assets/right_shell.stl,,,,False
BASE-seeed_bearing__configuration__22x16x4,microduck_base,8,each,seeed_bearing__configuration__22x16x4,Existing MicroDuck part; matching source mesh (not a machining drawing),Counted once per visual mesh instance; collision copies excluded,REUSE_EXISTING_ASSEMBLY_SUBPART,CANDIDATE_UNQUALIFIED,Inspect installed part and drawing revision; dimensions/material/fasteners need physical audit,rlx/rlx/mjlab_microduck/robot/microduck/assets/seeed_bearing__configuration__22x16x4.stl,,,,False
BASE-seeed_bearing__configuration_default,microduck_base,2,each,seeed_bearing__configuration_default,Existing MicroDuck part; matching source mesh (not a machining drawing),Counted once per visual mesh instance; collision copies excluded,REUSE_EXISTING_ASSEMBLY_SUBPART,CANDIDATE_UNQUALIFIED,Inspect installed part and drawing revision; dimensions/material/fasteners need physical audit,rlx/rlx/mjlab_microduck/robot/microduck/assets/seeed_bearing__configuration_default.stl,,,,False
BASE-sole_left,microduck_base,1,each,sole_left,Existing MicroDuck part; matching source mesh (not a machining drawing),Counted once per visual mesh instance; collision copies excluded,REUSE_EXISTING_ASSEMBLY_SUBPART,CANDIDATE_UNQUALIFIED,Inspect installed part and drawing revision; dimensions/material/fasteners need physical audit,rlx/rlx/mjlab_microduck/robot/microduck/assets/sole_left.stl,,,,False
BASE-sole_right,microduck_base,1,each,sole_right,Existing MicroDuck part; matching source mesh (not a machining drawing),Counted once per visual mesh instance; collision copies excluded,REUSE_EXISTING_ASSEMBLY_SUBPART,CANDIDATE_UNQUALIFIED,Inspect installed part and drawing revision; dimensions/material/fasteners need physical audit,rlx/rlx/mjlab_microduck/robot/microduck/assets/sole_right.stl,,,,False
BASE-trunk_base,microduck_base,1,each,trunk_base,Existing MicroDuck part; matching source mesh (not a machining drawing),Counted once per visual mesh instance; collision copies excluded,REUSE_EXISTING_ASSEMBLY_SUBPART,CANDIDATE_UNQUALIFIED,Inspect installed part and drawing revision; dimensions/material/fasteners need physical audit,rlx/rlx/mjlab_microduck/robot/microduck/assets/trunk_base.stl,,,,False
BASE-upper_leg_left,microduck_base,1,each,upper_leg_left,Existing MicroDuck part; matching source mesh (not a machining drawing),Counted once per visual mesh instance; collision copies excluded,REUSE_EXISTING_ASSEMBLY_SUBPART,CANDIDATE_UNQUALIFIED,Inspect installed part and drawing revision; dimensions/material/fasteners need physical audit,rlx/rlx/mjlab_microduck/robot/microduck/assets/upper_leg_left.stl,,,,False
BASE-upper_leg_right,microduck_base,1,each,upper_leg_right,Existing MicroDuck part; matching source mesh (not a machining drawing),Counted once per visual mesh instance; collision copies excluded,REUSE_EXISTING_ASSEMBLY_SUBPART,CANDIDATE_UNQUALIFIED,Inspect installed part and drawing revision; dimensions/material/fasteners need physical audit,rlx/rlx/mjlab_microduck/robot/microduck/assets/upper_leg_right.stl,,,,False
BASE-upper_leg_rigidity_plate,microduck_base,2,each,upper_leg_rigidity_plate,Existing MicroDuck part; matching source mesh (not a machining drawing),Counted once per visual mesh instance; collision copies excluded,REUSE_EXISTING_ASSEMBLY_SUBPART,CANDIDATE_UNQUALIFIED,Inspect installed part and drawing revision; dimensions/material/fasteners need physical audit,rlx/rlx/mjlab_microduck/robot/microduck/assets/upper_leg_rigidity_plate.stl,,,,False
BASE-yaw2roll,microduck_base,2,each,yaw2roll,Existing MicroDuck part; matching source mesh (not a machining drawing),Counted once per visual mesh instance; collision copies excluded,REUSE_EXISTING_ASSEMBLY_SUBPART,CANDIDATE_UNQUALIFIED,Inspect installed part and drawing revision; dimensions/material/fasteners need physical audit,rlx/rlx/mjlab_microduck/robot/microduck/assets/yaw2roll.stl,,,,False
BASE-LEG-MOTORS,microduck_base,10,each,Five leg servos per leg,Installed DYNAMIXEL XL330 family; exact M288/M077 labels to inspect,hip yaw / hip roll / hip pitch / knee / ankle per leg; existing IDs and calibration retained,REUSE,CANDIDATE_UNQUALIFIED,Photo each label; record ID/model/firmware; do not infer gearbox SKU from xl330.stl,rlx/rlx/mjlab_microduck/robot/microduck/robot_allcollisions_backlash.xml,,,,False
BASE-COMPUTE,microduck_electronics,1,each,Onboard compute,Radxa ZERO 3W reference,Retain installed RAM/storage variant; CSI/USB/power budget must be audited,REUSE_OR_ASSEMBLY_INCLUDED,CANDIDATE_UNQUALIFIED,Installed inventory and electrical/mechanical qualification,microduck/docs/project/media-bringup.md; local physical inventory required,,,,False
BASE-STORAGE,microduck_electronics,1,each,Boot storage,Existing eMMC or microSD,Use installed boot medium; not two new storage devices,REUSE_OR_ASSEMBLY_INCLUDED,CANDIDATE_UNQUALIFIED,Installed inventory and electrical/mechanical qualification,microduck/docs/project/media-bringup.md; local physical inventory required,,,,False
BASE-CONTROL-BOARD,microduck_electronics,1,each,Motor interface and base power board,Existing MicroDuck board; exact revision TBD,Retain leg bus; no assumed spare arm current capacity or ports,REUSE_OR_ASSEMBLY_INCLUDED,CANDIDATE_UNQUALIFIED,Installed inventory and electrical/mechanical qualification,microduck/docs/project/media-bringup.md; local physical inventory required,,,,False
BASE-IMU,microduck_electronics,1,function,Body IMU function,Existing board-integrated or discrete sensor; exact SKU TBD,Reuse existing physical sensor; simulation IMU site is not a part number,REUSE_OR_ASSEMBLY_INCLUDED,CANDIDATE_UNQUALIFIED,Installed inventory and electrical/mechanical qualification,microduck/docs/project/media-bringup.md; local physical inventory required,,,,False
BASE-BATTERY,microduck_electronics,1,each,Main battery pack,Installed pack label required; np_f970 is only a source mesh name,Record chemistry/cell count/voltage/capacity/mass; no guessed battery substitution,REUSE_OR_ASSEMBLY_INCLUDED,CANDIDATE_UNQUALIFIED,Installed inventory and electrical/mechanical qualification,microduck/docs/project/media-bringup.md; local physical inventory required,,,,False
BASE-CHARGER,microduck_electronics,1,each,Battery-compatible charger,Existing qualified matching charger,Off-robot charging; exact pack compatibility required,REUSE_OR_ASSEMBLY_INCLUDED,CANDIDATE_UNQUALIFIED,Installed inventory and electrical/mechanical qualification,microduck/docs/project/media-bringup.md; local physical inventory required,,,,False
BASE-PACK-PROTECTION,microduck_electronics,1,function,Pack protection/BMS function,Installed protection; topology TBD,May be integrated in pack; do not buy a duplicate BMS by default,REUSE_OR_ASSEMBLY_INCLUDED,CANDIDATE_UNQUALIFIED,Installed inventory and electrical/mechanical qualification,microduck/docs/project/media-bringup.md; local physical inventory required,,,,False
BASE-BASE-HARNESS,microduck_electronics,1,set,Leg and onboard wiring set,Existing keyed cables/connectors,Retain known pinout; inspect insulation/flex/strain relief,REUSE_OR_ASSEMBLY_INCLUDED,CANDIDATE_UNQUALIFIED,Installed inventory and electrical/mechanical qualification,microduck/docs/project/media-bringup.md; local physical inventory required,,,,False
BASE-BASE-FASTENERS,microduck_electronics,1,set,Base screws/spacers/retainers set,Reuse installed fasteners,Exact thread/length/count must be measured; meshes do not define screw procurement,REUSE_OR_ASSEMBLY_INCLUDED,CANDIDATE_UNQUALIFIED,Installed inventory and electrical/mechanical qualification,microduck/docs/project/media-bringup.md; local physical inventory required,,,,False
SHELL-shoulder_saddle,appearance,1,each,shoulder_saddle cover envelope,Custom WingPod cream shell; material/process unselected,"body=arm_mount; local center=(0, 0, -0.008) m; XYZ envelope=[50.0, 50.0, 8.0] mm; fillet=3 mm",COSMETIC_ENVELOPE_NOT_ADDITIVE_SOLID,RENDER_ONLY,Wall thickness; clips; cable exits; clearances; mass/inertia; cooling; mount strength,microduck_arm_design/wingpod.py#PODS,,,,False
SHELL-root,appearance,1,each,root cover envelope,Custom WingPod cream shell; material/process unselected,"body=arm_mount; local center=(0, 0, -0.025) m; XYZ envelope=[26.0, 32.0, 40.0] mm; fillet=6 mm",COSMETIC_ENVELOPE_NOT_ADDITIVE_SOLID,RENDER_ONLY,Wall thickness; clips; cable exits; clearances; mass/inertia; cooling; mount strength,microduck_arm_design/wingpod.py#PODS,,,,False
SHELL-shoulder,appearance,1,each,shoulder cover envelope,Custom WingPod cream shell; material/process unselected,"body=arm_yaw; local center=(0, 0, 0.018) m; XYZ envelope=[26.0, 32.0, 40.0] mm; fillet=6 mm",COSMETIC_ENVELOPE_NOT_ADDITIVE_SOLID,RENDER_ONLY,Wall thickness; clips; cable exits; clearances; mass/inertia; cooling; mount strength,microduck_arm_design/wingpod.py#PODS,,,,False
SHELL-upper_knuckle,appearance,1,each,upper_knuckle cover envelope,Custom WingPod cream shell; material/process unselected,"body=arm_upper; local center=(0.045, 0, 0.02) m; XYZ envelope=[26.0, 32.0, 40.0] mm; fillet=6 mm",COSMETIC_ENVELOPE_NOT_ADDITIVE_SOLID,RENDER_ONLY,Wall thickness; clips; cable exits; clearances; mass/inertia; cooling; mount strength,microduck_arm_design/wingpod.py#PODS,,,,False
SHELL-forearm_knuckle,appearance,1,each,forearm_knuckle cover envelope,Custom WingPod cream shell; material/process unselected,"body=arm_forearm; local center=(0.025, 0, 0.02) m; XYZ envelope=[26.0, 32.0, 40.0] mm; fillet=6 mm",COSMETIC_ENVELOPE_NOT_ADDITIVE_SOLID,RENDER_ONLY,Wall thickness; clips; cable exits; clearances; mass/inertia; cooling; mount strength,microduck_arm_design/wingpod.py#PODS,,,,False
SHELL-palm,appearance,1,each,palm cover envelope,Custom WingPod cream shell; material/process unselected,"body=arm_hand; local center=(0.007, 0, 0.022) m; XYZ envelope=[26.0, 32.0, 40.0] mm; fillet=6 mm",COSMETIC_ENVELOPE_NOT_ADDITIVE_SOLID,RENDER_ONLY,Wall thickness; clips; cable exits; clearances; mass/inertia; cooling; mount strength,microduck_arm_design/wingpod.py#PODS,,,,False
SHELL-backpack,appearance,1,each,backpack cover envelope,Custom WingPod cream shell; material/process unselected,"body=assumed_dedicated_arm_pack; local center=(0, 0, 0) m; XYZ envelope=[36.0, 30.0, 22.0] mm; fillet=3 mm",COSMETIC_ENVELOPE_NOT_ADDITIVE_SOLID,RENDER_ONLY,Wall thickness; clips; cable exits; clearances; mass/inertia; cooling; mount strength,microduck_arm_design/wingpod.py#PODS,,,,False
SHELL-electronics,appearance,1,each,electronics cover envelope,Custom WingPod cream shell; material/process unselected,"body=assumed_relocated_electronics; local center=(0, 0, 0) m; XYZ envelope=[42.0, 26.0, 10.0] mm; fillet=2 mm",COSMETIC_ENVELOPE_NOT_ADDITIVE_SOLID,RENDER_ONLY,Wall thickness; clips; cable exits; clearances; mass/inertia; cooling; mount strength,microduck_arm_design/wingpod.py#PODS,,,,False
SHELL-power,appearance,1,each,power cover envelope,Custom WingPod cream shell; material/process unselected,"body=assumed_power_and_communications; local center=(0, 0, 0) m; XYZ envelope=[30.0, 22.0, 10.0] mm; fillet=2 mm",COSMETIC_ENVELOPE_NOT_ADDITIVE_SOLID,RENDER_ONLY,Wall thickness; clips; cable exits; clearances; mass/inertia; cooling; mount strength,microduck_arm_design/wingpod.py#PODS,,,,False
SHELL-face,appearance,1,each,face cover envelope,Custom WingPod cream shell; material/process unselected,"body=assumed_sensor_shell; local center=(0, 0, 0) m; XYZ envelope=[38.0, 34.0, 26.0] mm; fillet=6 mm",COSMETIC_ENVELOPE_NOT_ADDITIVE_SOLID,RENDER_ONLY,Wall thickness; clips; cable exits; clearances; mass/inertia; cooling; mount strength,microduck_arm_design/wingpod.py#PODS,,,,False
CAM-SENSORS,camera_eyes,2,each,Active left/right RGB camera modules incl. lens,Exact miniature sensor modules UNSELECTED,13 mm optical center spacing design target; matched optics preferred; voltage/interface not selected,DUAL_EYE_TARGET_BLOCKED,CANDIDATE_UNQUALIFIED,Actual module drawings; PCB/lens fit; usable FOV; bandwidth; synchronization if stereo requested,microduck_arm_design/wingpod_camera.py; microduck/docs/project/media-bringup.md,,,,False
CAM-BEZEL,camera_eyes,1,each,Cream twin-eye housing / peach cheeks / honey beak,Custom camera chest cover; soft appearance revision,28 mm wide x 17 mm high x 5 mm deep outer envelope; not usable internal volume; colors are render-only,RENDER_ONLY,CANDIDATE_UNQUALIFIED,PCB/lens/connector stack and cable bend envelope; mounting and removable access; qualify cosmetic finish,microduck_arm_design/wingpod_camera.py; microduck/docs/project/media-bringup.md,,,,False
CAM-MOUNT,camera_eyes,1,each,Camera internal carrier and fixed chest mount,Custom removable nonstructural carrier,Fixed to arm_mount chest; must not load moving gripper or obstruct shoulder,NEW_CANDIDATE,CANDIDATE_UNQUALIFIED,Actual fastener datums; no chassis-shell bending load; retention; mass and clearances,microduck_arm_design/wingpod_camera.py; microduck/docs/project/media-bringup.md,,,,False
CAM-LENS-TRIM,camera_eyes,2,each,Sage-gray lens trim / light baffle,Custom cosmetic ring; no extra camera lens,8 mm visual ring outer diameter; avoid vignette/reflections,COSMETIC,CANDIDATE_UNQUALIFIED,Optical aperture; lens movement; glare test; no unsupported IP rating,microduck_arm_design/wingpod_camera.py; microduck/docs/project/media-bringup.md,,,,False
CAM-LED,camera_eyes,1,each,Amber status LED,Low-current LED; exact MPN TBD,Displayed amber bar is a render cue; real drive current must be chosen,NEW_CANDIDATE,CANDIDATE_UNQUALIFIED,LED voltage/current/brightness; privacy semantics; avoid optical contamination,microduck_arm_design/wingpod_camera.py; microduck/docs/project/media-bringup.md,,,,False
CAM-LED-DRIVER,camera_eyes,1,each,LED current-limit/driver circuit,Resistor/driver to match chosen logic rail,Do not directly drive unknown load from GPIO; value and topology TBD,NEW_CANDIDATE,CANDIDATE_UNQUALIFIED,Schematic; GPIO limits; resistor power; startup and fault behavior,microduck_arm_design/wingpod_camera.py; microduck/docs/project/media-bringup.md,,,,False
CAM-LIGHTPIPE,camera_eyes,1,each,Amber indicator light pipe,Custom diffuser,Matches rendered indicator; thickness and material TBD,NEW_CANDIDATE,CANDIDATE_UNQUALIFIED,Optical cross-talk; retention; fit,microduck_arm_design/wingpod_camera.py; microduck/docs/project/media-bringup.md,,,,False
CAM-DATA-CABLES,camera_eyes,2,each,Camera data cable assemblies,Matched FFC or USB assemblies; not interchangeable,One per selected module; pitch/pin count/contact side/length TBD,DUAL_EYE_TARGET_BLOCKED,CANDIDATE_UNQUALIFIED,Vendor pinout; CSI lane routing or USB signal integrity; strain relief; minimum bend radius,microduck_arm_design/wingpod_camera.py; microduck/docs/project/media-bringup.md,,,,False
CAM-BRIDGE,camera_eyes,1,function,Dual-camera host interface function,UNSELECTED: synchronized bridge/USB stereo assembly if required,Do not split one CSI input with a passive Y cable; assembly may include this function,ARCHITECTURE_NOT_SELECTED,CANDIDATE_UNQUALIFIED,Radxa driver support; simultaneous capture; timestamps; encoder/load test; calibration,microduck_arm_design/wingpod_camera.py; microduck/docs/project/media-bringup.md,,,,False
CAM-LOGIC-POWER,camera_eyes,1,function,Camera protected logic-power branch,Existing logic regulator if qualified; otherwise sized replacement TBD,Camera supply by selected interface; do not connect to motor rail or raw battery,CONDITIONAL_FUNCTION,CANDIDATE_UNQUALIFIED,Voltage/current/transients; branch fault containment; no compute brownout; regulator heating,microduck_arm_design/wingpod_camera.py; microduck/docs/project/media-bringup.md,,,,False
CAM-HARDWARE,camera_eyes,1,set,Camera screws/inserts/grommets/strain-relief set,Custom matched hardware; size TBD,No drilling or screw lengths released before real-board drawing,NEW_CANDIDATE,CANDIDATE_UNQUALIFIED,Count/threads/length; tool access; no PCB contact or pierced cables,microduck_arm_design/wingpod_camera.py; microduck/docs/project/media-bringup.md,,,,False
CAM-BENCH-IMX219,camera_eyes,1,each,MicroDuck-compatible single-camera bench reference,Raspberry Pi Camera Module 2 / Sony IMX219,Reference only; not claimed to fit chest or provide two live eyes,BENCH_ALTERNATIVE_NOT_IN_DUAL_TARGET,CANDIDATE_UNQUALIFIED,Validate board/FFC/OS overlay; dimensional fit; do not order two as a proven stereo system,microduck_arm_design/wingpod_camera.py; microduck/docs/project/media-bringup.md,,,,False
TEST-TELEMETRY,support_and_validation,1,set,Voltage/current/temperature instrumentation,Calibrated measurement equipment; onboard sensor selection TBD,Branch current + pack/logic/arm voltage + regulator temperature,BENCH_OR_FIXTURE,CANDIDATE_UNQUALIFIED,Specify equipment/ratings; review test procedure; record measured evidence,hardware/microduck-arm-v1c/experiments/tennis-return.json,,,,False
TEST-POWER-PROTECTION,support_and_validation,1,set,Transient/reverse-current protection and local decoupling,TVS/blocking/clamp/capacitor topology TBD,Coordinate with measured motor regeneration and converter response; no guessed fuse or capacitor value,ELECTRICAL_FUNCTION_UNSELECTED,CANDIDATE_UNQUALIFIED,Specify equipment/ratings; review test procedure; record measured evidence,hardware/microduck-arm-v1c/experiments/tennis-return.json,,,,False
TEST-FIXTURE,support_and_validation,1,set,Nonconductive bench fixture and fall restraint,Custom support allowing safe leg/arm tests,Provide catch restraint without mistaking tether-assisted stability for free-base success,BENCH_OR_FIXTURE,CANDIDATE_UNQUALIFIED,Specify equipment/ratings; review test procedure; record measured evidence,hardware/microduck-arm-v1c/experiments/tennis-return.json,,,,False
TEST-CAM-CALIBRATION,support_and_validation,1,set,Camera calibration target,Printed/measured checkerboard or Charuco target,Intrinsic/extrinsic tests; verified square size; timing and reprojection logs,BENCH_OR_FIXTURE,CANDIDATE_UNQUALIFIED,Specify equipment/ratings; review test procedure; record measured evidence,hardware/microduck-arm-v1c/experiments/tennis-return.json,,,,False
TEST-BALL,support_and_validation,1,set,Yellow tennis ball,Measured classroom test object,Simulation nominal diameter 67 mm / mass 58 g; this is not a qualified real payload rating,BENCH_OR_FIXTURE,CANDIDATE_UNQUALIFIED,Specify equipment/ratings; review test procedure; record measured evidence,hardware/microduck-arm-v1c/experiments/tennis-return.json,,,,False
TEST-BIN,support_and_validation,1,set,Low classroom bin,Custom anchored fixture; not a household garbage can,180 x 180 mm inner plan; 100 mm walls; 4 mm wall/bottom in simulation,BENCH_OR_FIXTURE,CANDIDATE_UNQUALIFIED,Specify equipment/ratings; review test procedure; record measured evidence,hardware/microduck-arm-v1c/experiments/tennis-return.json,,,,False
